股票代码,股票名称,交易所,来源指数,2025年平均价,2025年分红(元/股),2025年分红次数,2025年股息率(%),2024年平均价,2024年分红(元/股),2024年分红次数,2024年股息率(%),2023年平均价,2023年分红(元/股),2023年分红次数,2023年股息率(%),近3年平均股价,3年平均股息率(%),2026Q1平均价,2026Q1分红(元/股),2026Q1股息率(%),2025Q4平均价,2025Q4分红(元/股),2025Q4股息率(%),2025Q3平均价,2025Q3分红(元/股),2025Q3股息率(%),2025Q2平均价,2025Q2分红(元/股),2025Q2股息率(%),2025年最高价,2025年最低价,2025年最高涨幅(%),2025年最低跌幅(%),近5年分红详情
90,天健集团,深市主板,中证红利,3.76,0.04,1,0.96,4.22,0.1,1,2.37,5.55,0.25,1,4.51,4.51,2.61,3.85,-,-,3.9,0.04,0.92,3.63,-,-,3.61,-,-,4.88,3.47,29.71,7.76,"[{""除权除息日"": ""2022-07-08"", ""派息比例"": 0.33, ""财年"": 2021}, {""除权除息日"": ""2023-07-14"", ""派息比例"": 0.32, ""财年"": 2022}, {""除权除息日"": ""2024-07-19"", ""派息比例"": 0.25, ""财年"": 2023}, {""除权除息日"": ""2025-07-11"", ""派息比例"": 0.1, ""财年"": 2024}]"
157,中联重科,深市主板,中证红利,7.64,0.4,2,5.24,7.39,0.3,1,4.06,6.45,0.32,1,4.96,7.16,4.75,9.08,-,-,8.27,0.4,4.84,7.5,-,-,7.29,0.2,2.74,8.67,6.61,13.48,13.49,"[{""除权除息日"": ""2021-07-07"", ""派息比例"": 0.32, ""财年"": 2020}, {""除权除息日"": ""2022-07-08"", ""派息比例"": 0.32, ""财年"": 2021}, {""除权除息日"": ""2023-07-21"", ""派息比例"": 0.32, ""财年"": 2022}, {""除权除息日"": ""2024-07-26"", ""派息比例"": 0.32, ""财年"": 2023}, {""除权除息日"": ""2025-07-25"", ""派息比例"": 0.3, ""财年"": 2024}, {""除权除息日"": ""2026-01-09"", ""派息比例"": 0.2, ""财年"": 2025}]"
429,粤高速A,深市主板,中证红利,12.87,0.6,1,4.69,10.64,0.52,1,4.92,7.93,0.55,1,6.9,10.48,5.5,12.15,-,-,12.02,0.6,5.02,12.17,-,-,13.91,-,-,14.73,10.7,14.42,16.88,"[{""除权除息日"": ""2021-07-15"", ""派息比例"": 0.291, ""财年"": 2020}, {""除权除息日"": ""2022-07-07"", ""派息比例"": 0.57, ""财年"": 2021}, {""除权除息日"": ""2023-07-14"", ""派息比例"": 0.428, ""财年"": 2022}, {""除权除息日"": ""2024-07-15"", ""派息比例"": 0.547, ""财年"": 2023}, {""除权除息日"": ""2025-07-14"", ""派息比例"": 0.523, ""财年"": 2024}]"
651,格力电器,深市主板,中证红利,43.7,3.0,2,6.87,40.5,3.0,2,7.41,35.49,2.38,1,6.71,39.89,6.99,38.78,-,-,40.55,2.0,4.93,44.86,1.0,2.23,45.44,-,-,48.15,39.5,10.19,9.6,"[{""除权除息日"": ""2021-08-23"", ""派息比例"": 3.0, ""财年"": 2020}, {""除权除息日"": ""2022-04-08"", ""派息比例"": 1.0, ""财年"": 2021}, {""除权除息日"": ""2022-08-05"", ""派息比例"": 2.0, ""财年"": 2021}, {""除权除息日"": ""2023-02-27"", ""派息比例"": 1.0, ""财年"": 2022}, {""除权除息日"": ""2023-08-09"", ""派息比例"": 1.0, ""财年"": 2022}, {""除权除息日"": ""2024-08-28"", ""派息比例"": 2.38, ""财年"": 2023}, {""除权除息日"": ""2025-05-15"", ""派息比例"": 1.0, ""财年"": 2024}, {""除权除息日"": ""2025-08-29"", ""派息比例"": 2.0, ""财年"": 2024}, {""除权除息日"": ""2026-01-23"", ""派息比例"": 1.0, ""财年"": 2025}]"
672,上峰水泥,深市主板,中证红利,8.92,0.48,1,5.38,7.23,0.63,1,8.72,10.23,0.4,1,3.91,8.79,6.0,13.85,-,-,11.03,0.48,4.35,8.95,-,-,8.21,-,-,12.99,6.99,45.69,21.6,"[{""除权除息日"": ""2022-05-30"", ""派息比例"": 0.8, ""财年"": 2021}, {""除权除息日"": ""2023-05-23"", ""派息比例"": 0.35, ""财年"": 2022}, {""除权除息日"": ""2024-06-07"", ""派息比例"": 0.4, ""财年"": 2023}, {""除权除息日"": ""2025-05-27"", ""派息比例"": 0.63, ""财年"": 2024}, {""除权除息日"": ""2026-05-29"", ""派息比例"": 0.48, ""财年"": 2025}]"
895,双汇发展,深市主板,中证红利,25.7,1.45,2,5.64,25.65,1.41,2,5.5,25.6,1.45,2,5.66,25.65,5.6,26.66,-,-,26.37,1.45,5.5,25.07,-,-,25.49,0.65,2.55,27.96,24.13,8.78,6.12,"[{""除权除息日"": ""2022-04-29"", ""派息比例"": 1.298, ""财年"": 2021}, {""除权除息日"": ""2022-09-15"", ""派息比例"": 0.6, ""财年"": 2022}, {""除权除息日"": ""2023-04-27"", ""派息比例"": 1.0, ""财年"": 2022}, {""除权除息日"": ""2023-09-11"", ""派息比例"": 0.75, ""财年"": 2023}, {""除权除息日"": ""2024-04-26"", ""派息比例"": 0.7, ""财年"": 2023}, {""除权除息日"": ""2024-09-11"", ""派息比例"": 0.66, ""财年"": 2024}, {""除权除息日"": ""2025-04-30"", ""派息比例"": 0.75, ""财年"": 2024}, {""除权除息日"": ""2025-08-22"", ""派息比例"": 0.65, ""财年"": 2025}, {""除权除息日"": ""2026-04-29"", ""派息比例"": 0.8, ""财年"": 2025}]"
933,神火股份,深市主板,中证红利,19.73,0.8,1,4.05,18.72,0.8,2,4.27,16.0,0.8,1,5.0,18.15,4.44,32.18,-,-,25.11,0.8,3.19,18.6,-,-,16.85,-,-,27.47,16.14,39.23,18.19,"[{""除权除息日"": ""2021-06-21"", ""派息比例"": 0.1, ""财年"": 2020}, {""除权除息日"": ""2022-05-19"", ""派息比例"": 0.45, ""财年"": 2021}, {""除权除息日"": ""2023-05-18"", ""派息比例"": 1.0, ""财年"": 2022}, {""除权除息日"": ""2024-05-16"", ""派息比例"": 0.8, ""财年"": 2023}, {""除权除息日"": ""2024-12-10"", ""派息比例"": 0.3, ""财年"": 2024}, {""除权除息日"": ""2025-05-16"", ""派息比例"": 0.5, ""财年"": 2024}, {""除权除息日"": ""2026-05-29"", ""派息比例"": 0.8, ""财年"": 2025}]"
983,山西焦煤,深市主板,中证红利,6.94,0.13,2,1.82,9.55,0.22,1,2.3,10.1,0.8,1,7.92,8.87,4.01,7.06,-,-,6.97,0.13,1.81,7.08,-,-,6.48,0.04,0.56,8.01,6.02,15.39,13.28,"[{""除权除息日"": ""2021-07-16"", ""派息比例"": 0.1, ""财年"": 2020}, {""除权除息日"": ""2022-07-13"", ""派息比例"": 0.8, ""财年"": 2021}, {""除权除息日"": ""2023-06-21"", ""派息比例"": 1.2, ""财年"": 2022}, {""除权除息日"": ""2024-07-12"", ""派息比例"": 0.8, ""财年"": 2023}, {""除权除息日"": ""2025-07-11"", ""派息比例"": 0.22, ""财年"": 2024}, {""除权除息日"": ""2025-10-29"", ""派息比例"": 0.036, ""财年"": 2025}]"
2043,兔宝宝,深市主板,中证红利,11.2,0.41,2,3.68,10.53,0.6,2,5.7,11.09,0.55,1,4.96,10.94,4.78,15.46,0.18,1.16,13.25,0.41,3.11,10.36,-,-,10.32,0.28,2.71,14.5,9.6,29.51,14.26,"[{""除权除息日"": ""2021-07-05"", ""派息比例"": 0.2, ""财年"": 2020}, {""除权除息日"": ""2022-06-08"", ""派息比例"": 0.47, ""财年"": 2021}, {""除权除息日"": ""2023-06-07"", ""派息比例"": 0.5, ""财年"": 2022}, {""除权除息日"": ""2024-05-30"", ""派息比例"": 0.55, ""财年"": 2023}, {""除权除息日"": ""2024-09-25"", ""派息比例"": 0.28, ""财年"": 2024}, {""除权除息日"": ""2025-05-29"", ""派息比例"": 0.32, ""财年"": 2024}, {""除权除息日"": ""2025-09-05"", ""派息比例"": 0.28, ""财年"": 2025}, {""除权除息日"": ""2026-06-01"", ""派息比例"": 0.132, ""财年"": 2025}, {""除权除息日"": ""2026-06-01"", ""派息比例"": 0.18, ""财年"": 2026}]"
2154,报喜鸟,深市主板,中证红利,4.01,0.17,1,4.24,5.06,0.12,2,2.37,5.66,0.25,1,4.41,4.91,3.68,3.91,-,-,4.04,0.17,4.21,3.92,-,-,3.85,-,-,4.72,3.7,17.8,7.65,"[{""除权除息日"": ""2021-09-16"", ""派息比例"": 0.15, ""财年"": 2021}, {""除权除息日"": ""2022-05-19"", ""派息比例"": 0.27, ""财年"": 2021}, {""除权除息日"": ""2022-09-23"", ""派息比例"": 0.2, ""财年"": 2022}, {""除权除息日"": ""2023-05-17"", ""派息比例"": 0.2, ""财年"": 2022}, {""除权除息日"": ""2024-05-16"", ""派息比例"": 0.25, ""财年"": 2023}, {""除权除息日"": ""2024-09-12"", ""派息比例"": 0.07, ""财年"": 2024}, {""除权除息日"": ""2025-05-28"", ""派息比例"": 0.05, ""财年"": 2024}, {""除权除息日"": ""2026-05-29"", ""派息比例"": 0.17, ""财年"": 2025}]"
2233,塔牌集团,深市主板,中证红利,8.21,0.48,1,5.84,7.3,0.45,1,6.17,7.81,0.5,1,6.41,7.77,6.14,9.49,-,-,8.94,0.48,5.37,8.55,-,-,7.68,-,-,9.69,7.19,17.98,12.46,"[{""除权除息日"": ""2022-04-29"", ""派息比例"": 0.62, ""财年"": 2021}, {""除权除息日"": ""2023-04-28"", ""派息比例"": 0.12, ""财年"": 2022}, {""除权除息日"": ""2024-04-30"", ""派息比例"": 0.5, ""财年"": 2023}, {""除权除息日"": ""2025-04-29"", ""派息比例"": 0.45, ""财年"": 2024}, {""除权除息日"": ""2026-04-30"", ""派息比例"": 0.48, ""财年"": 2025}]"
2267,陕天然气,深市主板,中证红利,8.06,0.2,1,2.48,7.36,0.45,2,6.12,7.46,0.3,1,4.02,7.63,4.21,7.92,-,-,8.05,0.2,2.49,8.11,-,-,8.3,-,-,9.32,7.42,15.61,7.96,"[{""除权除息日"": ""2021-07-30"", ""派息比例"": 0.2, ""财年"": 2020}, {""除权除息日"": ""2022-06-21"", ""派息比例"": 0.3, ""财年"": 2021}, {""除权除息日"": ""2022-11-14"", ""派息比例"": 0.3, ""财年"": 2022}, {""除权除息日"": ""2023-07-14"", ""派息比例"": 0.3, ""财年"": 2022}, {""除权除息日"": ""2024-07-17"", ""派息比例"": 0.3, ""财年"": 2023}, {""除权除息日"": ""2024-12-12"", ""派息比例"": 0.1, ""财年"": 2024}, {""除权除息日"": ""2025-06-20"", ""派息比例"": 0.35, ""财年"": 2024}]"
2416,爱施德,深市主板,中证红利,12.38,0.5,1,4.04,10.96,0.5,1,4.56,8.36,0.4,1,4.78,10.57,4.46,13.24,-,-,12.21,0.5,4.1,12.25,-,-,11.62,-,-,17.1,10.87,38.09,12.22,"[{""除权除息日"": ""2022-04-29"", ""派息比例"": 0.45, ""财年"": 2021}, {""除权除息日"": ""2023-05-19"", ""派息比例"": 0.5, ""财年"": 2022}, {""除权除息日"": ""2024-05-30"", ""派息比例"": 0.4, ""财年"": 2023}, {""除权除息日"": ""2025-05-28"", ""派息比例"": 0.5, ""财年"": 2024}, {""除权除息日"": ""2026-05-28"", ""派息比例"": 0.5, ""财年"": 2025}]"
2540,亚太科技,深市主板,中证红利,6.27,0.18,2,2.87,5.67,0.36,2,6.35,5.93,0.48,2,8.17,5.96,5.8,7.23,-,-,6.87,0.18,2.62,6.24,-,-,5.92,0.1,1.69,7.43,5.55,18.49,11.49,"[{""除权除息日"": ""2021-06-23"", ""派息比例"": 0.06, ""财年"": 2020}, {""除权除息日"": ""2022-07-08"", ""派息比例"": 0.1001, ""财年"": 2021}, {""除权除息日"": ""2023-05-26"", ""派息比例"": 0.25, ""财年"": 2022}, {""除权除息日"": ""2023-09-15"", ""派息比例"": 0.16, ""财年"": 2023}, {""除权除息日"": ""2024-05-30"", ""派息比例"": 0.325, ""财年"": 2023}, {""除权除息日"": ""2024-09-26"", ""派息比例"": 0.16, ""财年"": 2024}, {""除权除息日"": ""2025-05-29"", ""派息比例"": 0.2, ""财年"": 2024}, {""除权除息日"": ""2025-09-23"", ""派息比例"": 0.1, ""财年"": 2025}]"
2563,森马服饰,深市主板,中证红利,5.88,0.3,2,5.11,5.84,0.35,1,6.0,6.05,0.3,1,4.96,5.92,5.35,5.46,-,-,5.67,0.3,5.29,5.48,-,-,5.96,0.15,2.52,7.38,5.02,25.61,14.56,"[{""除权除息日"": ""2021-09-28"", ""派息比例"": 0.25, ""财年"": 2021}, {""除权除息日"": ""2022-05-11"", ""派息比例"": 0.5, ""财年"": 2021}, {""除权除息日"": ""2023-05-18"", ""派息比例"": 0.2, ""财年"": 2022}, {""除权除息日"": ""2024-05-10"", ""派息比例"": 0.3, ""财年"": 2023}, {""除权除息日"": ""2025-05-19"", ""派息比例"": 0.35, ""财年"": 2024}, {""除权除息日"": ""2025-10-15"", ""派息比例"": 0.15, ""财年"": 2025}, {""除权除息日"": ""2026-05-11"", ""派息比例"": 0.15, ""财年"": 2025}]"
2572,索菲亚,深市主板,中证红利,14.64,0.8,1,5.46,16.22,1.0,1,6.16,18.52,1.0,1,5.4,16.46,5.68,13.74,-,-,13.45,0.8,5.95,13.76,-,-,15.08,-,-,18.3,12.51,24.98,14.56,"[{""除权除息日"": ""2022-05-27"", ""派息比例"": 0.6, ""财年"": 2021}, {""除权除息日"": ""2023-05-16"", ""派息比例"": 0.7, ""财年"": 2022}, {""除权除息日"": ""2024-05-21"", ""派息比例"": 1.0, ""财年"": 2023}, {""除权除息日"": ""2025-05-29"", ""派息比例"": 1.0, ""财年"": 2024}, {""除权除息日"": ""2026-05-21"", ""派息比例"": 0.8, ""财年"": 2025}]"
2601,龙佰集团,深市主板,中证红利,17.73,0.6,2,3.38,18.41,0.9,2,4.89,18.47,0.9,2,4.87,18.2,4.38,20.42,-,-,18.61,-,-,17.86,0.1,0.56,16.56,-,-,20.31,15.98,14.58,9.85,"[{""除权除息日"": ""2021-11-19"", ""派息比例"": 0.25, ""财年"": 2021}, {""除权除息日"": ""2022-05-16"", ""派息比例"": 1.0, ""财年"": 2022}, {""除权除息日"": ""2022-11-18"", ""派息比例"": 0.2, ""财年"": 2022}, {""除权除息日"": ""2023-05-29"", ""派息比例"": 0.6, ""财年"": 2023}, {""除权除息日"": ""2023-11-08"", ""派息比例"": 0.3, ""财年"": 2023}, {""除权除息日"": ""2024-05-30"", ""派息比例"": 0.6, ""财年"": 2024}, {""除权除息日"": ""2024-12-11"", ""派息比例"": 0.3, ""财年"": 2024}, {""除权除息日"": ""2025-06-11"", ""派息比例"": 0.5, ""财年"": 2025}, {""除权除息日"": ""2025-12-17"", ""派息比例"": 0.1, ""财年"": 2025}]"
2737,葵花药业,深市主板,中证红利,16.37,0.2,1,1.22,23.93,0.5,1,2.09,24.43,1.5,1,6.14,21.58,3.15,13.84,-,-,14.98,0.2,1.33,15.93,-,-,16.21,-,-,21.39,14.43,30.7,11.83,"[{""除权除息日"": ""2021-07-12"", ""派息比例"": 0.35, ""财年"": 2020}, {""除权除息日"": ""2022-06-02"", ""派息比例"": 0.7, ""财年"": 2021}, {""除权除息日"": ""2023-06-07"", ""派息比例"": 1.0, ""财年"": 2022}, {""除权除息日"": ""2024-06-14"", ""派息比例"": 1.5, ""财年"": 2023}, {""除权除息日"": ""2025-07-18"", ""派息比例"": 0.5, ""财年"": 2024}]"
2756,永兴材料,深市主板,中证红利,37.24,0.7,2,1.88,42.29,1.0,2,2.36,66.41,3.0,2,4.52,48.65,2.92,59.35,-,-,46.58,0.7,1.5,35.12,-,-,30.95,0.3,0.97,56.28,29.67,51.15,20.32,"[{""除权除息日"": ""2022-05-27"", ""派息比例"": 0.5, ""财年"": 2021}, {""除权除息日"": ""2023-04-21"", ""派息比例"": 5.0, ""财年"": 2022}, {""除权除息日"": ""2023-09-27"", ""派息比例"": 1.0, ""财年"": 2023}, {""除权除息日"": ""2024-05-30"", ""派息比例"": 2.0, ""财年"": 2023}, {""除权除息日"": ""2024-10-10"", ""派息比例"": 0.5, ""财年"": 2024}, {""除权除息日"": ""2025-05-09"", ""派息比例"": 0.5, ""财年"": 2024}, {""除权除息日"": ""2025-10-22"", ""派息比例"": 0.3, ""财年"": 2025}, {""除权除息日"": ""2026-05-29"", ""派息比例"": 0.4, ""财年"": 2025}]"
2867,周大生,深市主板,中证红利,13.27,0.9,2,6.78,14.51,0.95,2,6.55,16.17,0.95,2,5.88,14.65,6.4,12.38,-,-,12.95,0.9,6.95,13.42,-,-,13.7,0.25,1.82,16.34,11.91,23.1,10.28,"[{""除权除息日"": ""2021-06-18"", ""派息比例"": 0.6, ""财年"": 2020}, {""除权除息日"": ""2021-11-25"", ""派息比例"": 0.3, ""财年"": 2021}, {""除权除息日"": ""2022-06-07"", ""派息比例"": 0.5, ""财年"": 2021}, {""除权除息日"": ""2023-06-05"", ""派息比例"": 0.6, ""财年"": 2022}, {""除权除息日"": ""2023-09-26"", ""派息比例"": 0.3, ""财年"": 2023}, {""除权除息日"": ""2024-07-10"", ""派息比例"": 0.65, ""财年"": 2023}, {""除权除息日"": ""2024-10-21"", ""派息比例"": 0.3, ""财年"": 2024}, {""除权除息日"": ""2025-06-11"", ""派息比例"": 0.65, ""财年"": 2024}, {""除权除息日"": ""2025-11-11"", ""派息比例"": 0.25, ""财年"": 2025}]"
600012,皖通高速,沪市主板,中证红利,16.06,0.66,1,4.11,14.13,0.6,1,4.27,9.92,0.6,1,6.06,13.37,4.81,14.62,-,-,14.93,0.66,4.42,15.41,-,-,17.56,-,-,18.47,12.89,15.02,19.73,"[{""除权除息日"": ""2021-07-21"", ""派息比例"": 0.23, ""财年"": 2020}, {""除权除息日"": ""2022-07-20"", ""派息比例"": 0.55, ""财年"": 2021}, {""除权除息日"": ""2023-07-19"", ""派息比例"": 0.55, ""财年"": 2022}, {""除权除息日"": ""2024-07-12"", ""派息比例"": 0.601, ""财年"": 2023}, {""除权除息日"": ""2025-07-30"", ""派息比例"": 0.604, ""财年"": 2024}]"
600015,华夏银行,沪市主板,中证红利,7.46,0.42,2,5.63,6.68,0.41,2,6.07,5.58,0.48,2,8.68,6.57,6.79,6.76,-,-,6.89,0.42,6.1,7.74,-,-,7.73,0.1,1.29,8.58,6.53,15.03,12.45,"[{""除权除息日"": ""2021-07-09"", ""派息比例"": 0.301, ""财年"": 2020}, {""除权除息日"": ""2022-06-08"", ""派息比例"": 0.338, ""财年"": 2021}, {""除权除息日"": ""2023-06-21"", ""派息比例"": 0.383, ""财年"": 2022}, {""除权除息日"": ""2024-06-21"", ""派息比例"": 0.384, ""财年"": 2023}, {""除权除息日"": ""2025-01-22"", ""派息比例"": 0.1, ""财年"": 2024}, {""除权除息日"": ""2025-06-26"", ""派息比例"": 0.305, ""财年"": 2024}, {""除权除息日"": ""2026-01-23"", ""派息比例"": 0.1, ""财年"": 2025}]"
600016,民生银行,沪市主板,中证红利,4.3,0.19,2,4.4,3.84,0.19,2,5.0,3.74,0.22,1,5.78,3.96,5.06,3.85,-,-,4.0,0.19,4.72,4.76,-,-,4.27,0.14,3.18,5.55,3.8,29.19,11.55,"[{""除权除息日"": ""2021-06-24"", ""派息比例"": 0.213, ""财年"": 2020}, {""除权除息日"": ""2022-06-24"", ""派息比例"": 0.213, ""财年"": 2021}, {""除权除息日"": ""2023-06-26"", ""派息比例"": 0.214, ""财年"": 2022}, {""除权除息日"": ""2024-07-12"", ""派息比例"": 0.216, ""财年"": 2023}, {""除权除息日"": ""2024-11-13"", ""派息比例"": 0.13, ""财年"": 2024}, {""除权除息日"": ""2025-07-14"", ""派息比例"": 0.062, ""财年"": 2024}, {""除权除息日"": ""2025-09-16"", ""派息比例"": 0.136, ""财年"": 2025}]"
600028,中国石化,沪市主板,中证红利,5.78,0.2,2,3.46,6.35,0.29,2,4.51,5.75,0.34,2,6.0,5.96,4.66,6.34,-,-,5.73,0.2,3.49,5.69,-,-,5.72,0.09,1.54,6.58,5.29,13.88,8.44,"[{""除权除息日"": ""2021-06-17"", ""派息比例"": 0.13, ""财年"": 2020}, {""除权除息日"": ""2021-09-17"", ""派息比例"": 0.16, ""财年"": 2021}, {""除权除息日"": ""2022-06-10"", ""派息比例"": 0.31, ""财年"": 2021}, {""除权除息日"": ""2022-09-19"", ""派息比例"": 0.16, ""财年"": 2022}, {""除权除息日"": ""2023-06-21"", ""派息比例"": 0.195, ""财年"": 2022}, {""除权除息日"": ""2023-09-15"", ""派息比例"": 0.145, ""财年"": 2023}, {""除权除息日"": ""2024-07-16"", ""派息比例"": 0.2, ""财年"": 2023}, {""除权除息日"": ""2024-09-13"", ""派息比例"": 0.146, ""财年"": 2024}, {""除权除息日"": ""2025-06-18"", ""派息比例"": 0.14, ""财年"": 2024}, {""除权除息日"": ""2025-09-12"", ""派息比例"": 0.088, ""财年"": 2025}]"
600036,招商银行,沪市主板,中证红利,42.92,2.02,2,4.7,34.02,3.01,2,8.86,33.43,1.97,1,5.9,36.79,6.48,39.38,-,-,42.21,2.02,4.78,43.86,-,-,43.69,1.01,2.32,48.24,38.51,12.4,10.27,"[{""除权除息日"": ""2021-07-13"", ""派息比例"": 1.253, ""财年"": 2020}, {""除权除息日"": ""2022-07-15"", ""派息比例"": 1.522, ""财年"": 2021}, {""除权除息日"": ""2023-07-13"", ""派息比例"": 1.738, ""财年"": 2022}, {""除权除息日"": ""2024-07-11"", ""派息比例"": 1.972, ""财年"": 2023}, {""除权除息日"": ""2025-07-11"", ""派息比例"": 2.0, ""财年"": 2024}, {""除权除息日"": ""2026-01-16"", ""派息比例"": 1.013, ""财年"": 2025}]"
600039,四川路桥,沪市主板,中证红利,8.65,0.03,1,0.37,7.34,0.41,2,5.64,10.76,0.52,1,4.81,8.92,3.61,9.96,-,-,9.37,0.03,0.34,8.65,-,-,9.15,0.03,0.35,10.25,6.84,18.48,20.94,"[{""除权除息日"": ""2021-07-08"", ""派息比例"": 0.25, ""财年"": 2020}, {""除权除息日"": ""2022-06-15"", ""派息比例"": 0.47, ""财年"": 2021}, {""除权除息日"": ""2023-06-15"", ""派息比例"": 0.91, ""财年"": 2022}, {""除权除息日"": ""2024-07-16"", ""派息比例"": 0.517, ""财年"": 2023}, {""除权除息日"": ""2024-10-18"", ""派息比例"": 0.037, ""财年"": 2024}, {""除权除息日"": ""2025-07-11"", ""派息比例"": 0.377, ""财年"": 2024}, {""除权除息日"": ""2025-10-23"", ""派息比例"": 0.032, ""财年"": 2025}]"
600057,厦门象屿,沪市主板,中证红利,7.06,0.1,1,1.42,6.34,0.25,1,3.94,8.75,0.3,1,3.43,7.39,2.93,8.26,-,-,8.32,-,-,7.23,0.1,1.38,6.63,-,-,9.11,5.59,28.95,20.88,"[{""除权除息日"": ""2021-06-18"", ""派息比例"": 0.3, ""财年"": 2020}, {""除权除息日"": ""2022-06-13"", ""派息比例"": 0.51, ""财年"": 2021}, {""除权除息日"": ""2023-07-06"", ""派息比例"": 0.61, ""财年"": 2022}, {""除权除息日"": ""2024-06-21"", ""派息比例"": 0.3, ""财年"": 2023}, {""除权除息日"": ""2025-06-17"", ""派息比例"": 0.25, ""财年"": 2024}, {""除权除息日"": ""2025-11-25"", ""派息比例"": 0.1, ""财年"": 2025}]"
600096,云天化,沪市主板,中证红利,25.11,1.4,2,5.58,20.15,1.4,1,6.95,18.53,1.0,1,5.4,21.26,5.97,37.69,-,-,30.68,1.4,4.56,25.22,-,-,22.45,0.2,0.89,35.87,20.65,42.87,17.75,"[{""除权除息日"": ""2023-05-19"", ""派息比例"": 1.0, ""财年"": 2022}, {""除权除息日"": ""2024-05-22"", ""派息比例"": 1.0, ""财年"": 2023}, {""除权除息日"": ""2025-05-22"", ""派息比例"": 1.4, ""财年"": 2024}, {""除权除息日"": ""2025-09-19"", ""派息比例"": 0.2, ""财年"": 2025}, {""除权除息日"": ""2026-05-14"", ""派息比例"": 1.2, ""财年"": 2025}]"
600153,建发股份,沪市主板,中证红利,10.23,0.2,1,1.96,9.38,0.7,2,7.47,11.12,0.7,1,6.3,10.24,5.24,9.36,-,-,10.04,-,-,10.63,0.2,1.88,10.21,-,-,11.69,9.22,14.28,9.87,"[{""除权除息日"": ""2021-07-07"", ""派息比例"": 0.5, ""财年"": 2020}, {""除权除息日"": ""2022-07-07"", ""派息比例"": 0.6, ""财年"": 2021}, {""除权除息日"": ""2023-07-06"", ""派息比例"": 0.8, ""财年"": 2022}, {""除权除息日"": ""2024-05-21"", ""派息比例"": 0.7, ""财年"": 2023}, {""除权除息日"": ""2025-01-20"", ""派息比例"": 0.4, ""财年"": 2024}, {""除权除息日"": ""2025-05-21"", ""派息比例"": 0.3, ""财年"": 2024}, {""除权除息日"": ""2026-02-11"", ""派息比例"": 0.2, ""财年"": 2025}]"
600177,雅戈尔,沪市主板,中证红利,7.67,0.44,4,5.74,7.43,0.5,4,6.73,6.72,0.5,1,7.44,7.27,6.64,7.42,-,-,7.58,0.28,3.69,7.42,0.08,1.08,7.55,0.08,1.06,8.66,7.22,12.96,5.82,"[{""除权除息日"": ""2021-06-18"", ""派息比例"": 0.5, ""财年"": 2020}, {""除权除息日"": ""2022-06-08"", ""派息比例"": 0.5, ""财年"": 2021}, {""除权除息日"": ""2023-06-14"", ""派息比例"": 0.5, ""财年"": 2022}, {""除权除息日"": ""2024-06-13"", ""派息比例"": 0.5, ""财年"": 2023}, {""除权除息日"": ""2024-09-13"", ""派息比例"": 0.1, ""财年"": 2024}, {""除权除息日"": ""2024-12-04"", ""派息比例"": 0.1, ""财年"": 2024}, {""除权除息日"": ""2025-03-03"", ""派息比例"": 0.1, ""财年"": 2024}, {""除权除息日"": ""2025-06-06"", ""派息比例"": 0.2, ""财年"": 2024}, {""除权除息日"": ""2025-09-12"", ""派息比例"": 0.08, ""财年"": 2025}, {""除权除息日"": ""2025-12-04"", ""派息比例"": 0.08, ""财年"": 2025}, {""除权除息日"": ""2026-03-27"", ""派息比例"": 0.08, ""财年"": 2025}, {""除权除息日"": ""2026-06-05"", ""派息比例"": 0.2, ""财年"": 2025}]"
600188,兖矿能源,沪市主板,中证红利,13.31,0.18,1,1.35,19.42,0.77,2,3.96,26.42,1.49,1,5.64,19.72,3.65,17.03,-,-,14.23,0.18,1.26,13.01,-,-,12.64,0.18,1.42,15.73,12.07,18.16,9.33,"[{""除权除息日"": ""2021-07-23"", ""派息比例"": 0.6, ""财年"": 2020}, {""除权除息日"": ""2021-07-23"", ""派息比例"": 0.4, ""财年"": 2020}, {""除权除息日"": ""2022-07-14"", ""派息比例"": 0.4, ""财年"": 2021}, {""除权除息日"": ""2022-07-14"", ""派息比例"": 1.6, ""财年"": 2021}, {""除权除息日"": ""2023-07-17"", ""派息比例"": 3.07, ""财年"": 2022}, {""除权除息日"": ""2023-07-17"", ""派息比例"": 1.23, ""财年"": 2022}, {""除权除息日"": ""2024-07-08"", ""派息比例"": 1.49, ""财年"": 2023}, {""除权除息日"": ""2024-11-11"", ""派息比例"": 0.23, ""财年"": 2024}, {""除权除息日"": ""2025-06-18"", ""派息比例"": 0.54, ""财年"": 2024}, {""除权除息日"": ""2025-09-16"", ""派息比例"": 0.18, ""财年"": 2025}]"
600273,嘉化能源,沪市主板,中证红利,8.36,0.45,2,5.38,7.7,0.4,2,5.19,8.97,0.4,2,4.46,8.35,5.01,10.46,-,-,8.48,0.45,5.3,8.72,-,-,8.33,0.2,2.4,9.16,7.44,9.53,11.04,"[{""除权除息日"": ""2021-09-24"", ""派息比例"": 0.25, ""财年"": 2021}, {""除权除息日"": ""2022-05-17"", ""派息比例"": 0.3, ""财年"": 2021}, {""除权除息日"": ""2022-09-29"", ""派息比例"": 0.25, ""财年"": 2022}, {""除权除息日"": ""2023-05-22"", ""派息比例"": 0.5, ""财年"": 2022}, {""除权除息日"": ""2023-09-20"", ""派息比例"": 0.2, ""财年"": 2023}, {""除权除息日"": ""2024-05-16"", ""派息比例"": 0.2, ""财年"": 2023}, {""除权除息日"": ""2024-09-11"", ""派息比例"": 0.2, ""财年"": 2024}, {""除权除息日"": ""2025-05-29"", ""派息比例"": 0.2, ""财年"": 2024}, {""除权除息日"": ""2025-09-15"", ""派息比例"": 0.2, ""财年"": 2025}, {""除权除息日"": ""2026-05-25"", ""派息比例"": 0.25, ""财年"": 2025}]"
600282,南钢股份,沪市主板,中证红利,4.71,0.26,2,5.43,4.52,0.18,2,4.09,3.64,0.25,1,6.87,4.29,5.46,5.58,-,-,5.3,0.26,4.83,4.69,-,-,4.26,0.12,2.78,5.66,4.08,20.24,13.33,"[{""除权除息日"": ""2022-05-10"", ""派息比例"": 0.3, ""财年"": 2021}, {""除权除息日"": ""2023-05-08"", ""派息比例"": 0.25, ""财年"": 2022}, {""除权除息日"": ""2024-05-10"", ""派息比例"": 0.25, ""财年"": 2023}, {""除权除息日"": ""2024-09-24"", ""派息比例"": 0.1, ""财年"": 2024}, {""除权除息日"": ""2025-05-09"", ""派息比例"": 0.085, ""财年"": 2024}, {""除权除息日"": ""2025-09-11"", ""派息比例"": 0.1186, ""财年"": 2025}, {""除权除息日"": ""2026-05-11"", ""派息比例"": 0.1372, ""财年"": 2025}]"
600373,中文传媒,沪市主板,中证红利,10.7,0.2,1,1.87,14.25,0.4,1,2.81,12.8,0.78,1,6.09,12.59,3.59,9.28,-,-,10.4,0.2,1.92,10.2,-,-,10.67,-,-,12.72,9.2,18.82,14.06,"[{""除权除息日"": ""2022-06-15"", ""派息比例"": 0.68, ""财年"": 2021}, {""除权除息日"": ""2023-06-15"", ""派息比例"": 0.75, ""财年"": 2022}, {""除权除息日"": ""2024-06-24"", ""派息比例"": 0.78, ""财年"": 2023}, {""除权除息日"": ""2025-06-13"", ""派息比例"": 0.4, ""财年"": 2024}, {""除权除息日"": ""2026-06-12"", ""派息比例"": 0.2, ""财年"": 2025}]"
600398,海澜之家,沪市主板,中证红利,7.23,0.41,1,5.67,7.51,0.41,2,5.46,6.82,0.56,1,8.21,7.19,6.45,6.21,-,-,6.27,0.41,6.54,6.96,-,-,7.71,-,-,8.78,6.05,21.52,16.27,"[{""除权除息日"": ""2021-06-17"", ""派息比例"": 0.256, ""财年"": 2020}, {""除权除息日"": ""2022-06-29"", ""派息比例"": 0.51, ""财年"": 2021}, {""除权除息日"": ""2023-06-06"", ""派息比例"": 0.43, ""财年"": 2022}, {""除权除息日"": ""2024-06-06"", ""派息比例"": 0.56, ""财年"": 2023}, {""除权除息日"": ""2024-09-05"", ""派息比例"": 0.23, ""财年"": 2024}, {""除权除息日"": ""2025-07-10"", ""派息比例"": 0.18, ""财年"": 2024}, {""除权除息日"": ""2026-05-11"", ""派息比例"": 0.41, ""财年"": 2025}]"
600502,安徽建工,沪市主板,中证红利,4.7,0.1,1,2.13,4.67,0.27,2,5.79,5.32,0.26,1,4.89,4.9,4.27,4.79,-,-,4.75,-,-,4.79,0.1,2.09,4.72,-,-,5.18,4.36,10.18,7.26,"[{""除权除息日"": ""2022-05-17"", ""派息比例"": 0.25, ""财年"": 2021}, {""除权除息日"": ""2023-06-19"", ""派息比例"": 0.25, ""财年"": 2022}, {""除权除息日"": ""2024-06-25"", ""派息比例"": 0.26, ""财年"": 2023}, {""除权除息日"": ""2025-04-18"", ""派息比例"": 0.08, ""财年"": 2024}, {""除权除息日"": ""2025-06-30"", ""派息比例"": 0.19, ""财年"": 2024}, {""除权除息日"": ""2026-02-09"", ""派息比例"": 0.1, ""财年"": 2025}]"
600585,海螺水泥,沪市主板,中证红利,23.56,0.24,1,1.02,23.75,0.71,1,2.99,26.19,0.96,1,3.67,24.5,2.56,24.12,-,-,22.99,0.24,1.04,23.67,-,-,23.6,0.24,1.02,27.17,21.43,15.35,9.02,"[{""除权除息日"": ""2021-06-17"", ""派息比例"": 2.12, ""财年"": 2020}, {""除权除息日"": ""2022-06-21"", ""派息比例"": 2.38, ""财年"": 2021}, {""除权除息日"": ""2023-06-20"", ""派息比例"": 1.48, ""财年"": 2022}, {""除权除息日"": ""2024-06-24"", ""派息比例"": 0.96, ""财年"": 2023}, {""除权除息日"": ""2025-06-27"", ""派息比例"": 0.71, ""财年"": 2024}, {""除权除息日"": ""2025-09-30"", ""派息比例"": 0.24, ""财年"": 2025}]"
600729,重百集团,沪市主板,中证红利,28.98,0.16,1,0.55,24.97,1.36,1,5.45,29.15,1.36,1,4.65,27.7,3.55,24.3,-,-,27.14,0.16,0.59,28.67,-,-,30.82,0.16,0.52,34.24,25.73,18.15,11.21,"[{""除权除息日"": ""2022-05-13"", ""派息比例"": 3.79, ""财年"": 2021}, {""除权除息日"": ""2023-06-28"", ""派息比例"": 0.68, ""财年"": 2022}, {""除权除息日"": ""2024-06-27"", ""派息比例"": 1.3561, ""财年"": 2023}, {""除权除息日"": ""2025-07-03"", ""派息比例"": 1.3622, ""财年"": 2024}, {""除权除息日"": ""2026-01-16"", ""派息比例"": 0.1589, ""财年"": 2025}]"
600755,厦门国贸,沪市主板,中证红利,6.39,0.1,1,1.57,6.99,0.33,2,4.72,7.88,0.5,1,6.35,7.08,4.21,6.71,-,-,6.68,-,-,6.25,0.1,1.6,6.24,-,-,8.72,5.83,36.53,8.72,"[{""除权除息日"": ""2021-07-05"", ""派息比例"": 0.46, ""财年"": 2020}, {""除权除息日"": ""2022-06-29"", ""派息比例"": 0.5, ""财年"": 2021}, {""除权除息日"": ""2023-06-28"", ""派息比例"": 0.65, ""财年"": 2022}, {""除权除息日"": ""2024-06-26"", ""派息比例"": 0.5, ""财年"": 2023}, {""除权除息日"": ""2025-01-24"", ""派息比例"": 0.16, ""财年"": 2024}, {""除权除息日"": ""2025-06-27"", ""派息比例"": 0.17, ""财年"": 2024}, {""除权除息日"": ""2026-02-04"", ""派息比例"": 0.1, ""财年"": 2025}]"
600971,恒源煤电,沪市主板,中证红利,7.33,0.25,1,3.41,11.03,0.47,2,4.26,8.99,0.85,1,9.45,9.12,5.71,7.07,-,-,6.87,0.25,3.64,6.87,-,-,7.06,-,-,9.16,6.24,24.9,14.92,"[{""除权除息日"": ""2022-05-26"", ""派息比例"": 0.5, ""财年"": 2021}, {""除权除息日"": ""2023-06-08"", ""派息比例"": 1.0, ""财年"": 2022}, {""除权除息日"": ""2024-05-24"", ""派息比例"": 0.85, ""财年"": 2023}, {""除权除息日"": ""2025-01-22"", ""派息比例"": 0.2, ""财年"": 2024}, {""除权除息日"": ""2025-05-23"", ""派息比例"": 0.27, ""财年"": 2024}, {""除权除息日"": ""2026-05-29"", ""派息比例"": 0.25, ""财年"": 2025}]"
600985,淮北矿业,沪市主板,中证红利,12.66,0.25,1,1.98,16.49,0.75,1,4.55,13.51,1.0,1,7.4,14.22,4.64,12.82,-,-,12.54,0.25,1.99,12.4,-,-,12.21,-,-,14.15,11.11,11.8,12.22,"[{""除权除息日"": ""2022-06-07"", ""派息比例"": 0.7, ""财年"": 2021}, {""除权除息日"": ""2023-06-08"", ""派息比例"": 1.05, ""财年"": 2022}, {""除权除息日"": ""2024-06-07"", ""派息比例"": 1.0, ""财年"": 2023}, {""除权除息日"": ""2025-06-13"", ""派息比例"": 0.75, ""财年"": 2024}, {""除权除息日"": ""2026-06-10"", ""派息比例"": 0.25, ""财年"": 2025}]"
600997,开滦股份,沪市主板,中证红利,6.37,0.02,1,0.31,7.21,0.26,1,3.61,6.77,0.34,1,5.07,6.78,3.0,6.28,-,-,6.43,0.02,0.31,6.38,-,-,6.08,-,-,7.48,5.68,17.46,10.81,"[{""除权除息日"": ""2021-06-11"", ""派息比例"": 0.28, ""财年"": 2020}, {""除权除息日"": ""2022-06-02"", ""派息比例"": 0.46, ""财年"": 2021}, {""除权除息日"": ""2023-05-18"", ""派息比例"": 0.58, ""财年"": 2022}, {""除权除息日"": ""2024-05-17"", ""派息比例"": 0.3434, ""财年"": 2023}, {""除权除息日"": ""2025-05-15"", ""派息比例"": 0.26, ""财年"": 2024}, {""除权除息日"": ""2026-05-21"", ""派息比例"": 0.02, ""财年"": 2025}]"
601000,唐山港,沪市主板,中证红利,4.1,0.2,1,4.88,4.53,0.2,1,4.42,3.45,0.2,1,5.8,4.02,5.03,4.22,-,-,3.94,0.2,5.08,4.0,-,-,4.19,-,-,4.77,3.8,16.35,7.31,"[{""除权除息日"": ""2021-11-26"", ""派息比例"": 0.15, ""财年"": 2021}, {""除权除息日"": ""2022-05-17"", ""派息比例"": 0.2, ""财年"": 2021}, {""除权除息日"": ""2023-05-22"", ""派息比例"": 0.2, ""财年"": 2022}, {""除权除息日"": ""2024-05-23"", ""派息比例"": 0.2, ""财年"": 2023}, {""除权除息日"": ""2025-05-30"", ""派息比例"": 0.2, ""财年"": 2024}, {""除权除息日"": ""2026-05-27"", ""派息比例"": 0.2, ""财年"": 2025}]"
601006,大秦铁路,沪市主板,中证红利,6.3,0.08,1,1.27,7.01,0.27,2,3.84,7.22,0.38,1,5.29,6.84,3.47,5.15,-,-,5.61,0.08,1.42,6.37,-,-,6.68,0.08,1.2,6.86,5.16,8.83,18.14,"[{""除权除息日"": ""2021-07-08"", ""派息比例"": 0.48, ""财年"": 2020}, {""除权除息日"": ""2022-07-07"", ""派息比例"": 0.48, ""财年"": 2021}, {""除权除息日"": ""2023-07-13"", ""派息比例"": 0.48, ""财年"": 2022}, {""除权除息日"": ""2024-07-11"", ""派息比例"": 0.3819, ""财年"": 2023}, {""除权除息日"": ""2024-10-24"", ""派息比例"": 0.1292, ""财年"": 2024}, {""除权除息日"": ""2025-07-11"", ""派息比例"": 0.14, ""财年"": 2024}, {""除权除息日"": ""2025-10-24"", ""派息比例"": 0.08, ""财年"": 2025}]"
601009,南京银行,沪市主板,中证红利,11.07,0.53,2,4.78,9.67,0.55,2,5.64,8.63,0.54,1,6.22,9.79,5.55,11.01,-,-,11.45,0.53,4.62,11.44,-,-,10.94,0.31,2.8,12.15,10.0,9.79,9.64,"[{""除权除息日"": ""2022-06-17"", ""派息比例"": 0.4616, ""财年"": 2021}, {""除权除息日"": ""2023-06-21"", ""派息比例"": 0.5339, ""财年"": 2022}, {""除权除息日"": ""2024-06-14"", ""派息比例"": 0.5367, ""财年"": 2023}, {""除权除息日"": ""2024-11-01"", ""派息比例"": 0.3463, ""财年"": 2024}, {""除权除息日"": ""2025-06-23"", ""派息比例"": 0.1993, ""财年"": 2024}, {""除权除息日"": ""2025-11-20"", ""派息比例"": 0.3062, ""财年"": 2025}, {""除权除息日"": ""2026-06-15"", ""派息比例"": 0.2229, ""财年"": 2025}]"
601088,中国神华,沪市主板,中证红利,39.27,0.98,1,2.5,40.16,2.26,1,5.63,29.36,2.26,1,7.7,36.26,5.27,43.85,-,-,41.53,0.98,2.36,38.38,-,-,39.2,0.98,2.5,43.99,35.35,12.03,9.97,"[{""除权除息日"": ""2021-07-12"", ""派息比例"": 1.81, ""财年"": 2020}, {""除权除息日"": ""2022-07-11"", ""派息比例"": 2.54, ""财年"": 2021}, {""除权除息日"": ""2023-07-05"", ""派息比例"": 2.55, ""财年"": 2022}, {""除权除息日"": ""2024-07-08"", ""派息比例"": 2.26, ""财年"": 2023}, {""除权除息日"": ""2025-07-07"", ""派息比例"": 2.26, ""财年"": 2024}, {""除权除息日"": ""2025-11-10"", ""派息比例"": 0.98, ""财年"": 2025}]"
601098,中南传媒,沪市主板,中证红利,13.02,0.1,1,0.77,12.59,0.55,2,4.37,11.56,0.55,1,4.76,12.39,3.3,11.07,-,-,11.7,0.1,0.85,12.98,-,-,14.11,0.1,0.71,15.14,11.0,16.32,15.49,"[{""除权除息日"": ""2021-06-25"", ""派息比例"": 0.63, ""财年"": 2020}, {""除权除息日"": ""2022-07-15"", ""派息比例"": 0.65, ""财年"": 2021}, {""除权除息日"": ""2023-06-30"", ""派息比例"": 0.6, ""财年"": 2022}, {""除权除息日"": ""2024-07-12"", ""派息比例"": 0.55, ""财年"": 2023}, {""除权除息日"": ""2024-10-16"", ""派息比例"": 0.1, ""财年"": 2024}, {""除权除息日"": ""2025-06-30"", ""派息比例"": 0.45, ""财年"": 2024}, {""除权除息日"": ""2025-10-20"", ""派息比例"": 0.1, ""财年"": 2025}]"
601101,昊华能源,沪市主板,中证红利,7.44,0.25,1,3.36,8.37,0.46,1,5.47,6.18,0.35,1,5.67,7.33,4.83,8.06,-,-,7.61,0.25,3.28,7.43,-,-,7.18,-,-,8.27,6.64,11.09,10.8,"[{""除权除息日"": ""2021-07-01"", ""派息比例"": 0.03, ""财年"": 2020}, {""除权除息日"": ""2022-07-01"", ""派息比例"": 0.55, ""财年"": 2021}, {""除权除息日"": ""2023-06-19"", ""派息比例"": 0.34, ""财年"": 2022}, {""除权除息日"": ""2024-06-26"", ""派息比例"": 0.35, ""财年"": 2023}, {""除权除息日"": ""2025-07-11"", ""派息比例"": 0.458, ""财年"": 2024}, {""除权除息日"": ""2026-06-11"", ""派息比例"": 0.25, ""财年"": 2025}]"
601166,兴业银行,沪市主板,中证红利,21.64,1.07,2,4.93,17.09,1.06,1,6.2,16.28,1.04,1,6.39,18.34,5.84,19.15,-,-,20.82,1.07,5.12,22.6,-,-,22.34,0.57,2.53,25.14,18.92,16.19,12.56,"[{""除权除息日"": ""2021-06-29"", ""派息比例"": 0.802, ""财年"": 2020}, {""除权除息日"": ""2022-06-16"", ""派息比例"": 1.035, ""财年"": 2021}, {""除权除息日"": ""2023-06-19"", ""派息比例"": 1.188, ""财年"": 2022}, {""除权除息日"": ""2024-07-09"", ""派息比例"": 1.04, ""财年"": 2023}, {""除权除息日"": ""2025-06-20"", ""派息比例"": 1.06, ""财年"": 2024}, {""除权除息日"": ""2026-02-06"", ""派息比例"": 0.565, ""财年"": 2025}, {""除权除息日"": ""2026-06-12"", ""派息比例"": 0.501, ""财年"": 2025}]"
601168,西部矿业,沪市主板,中证红利,18.83,0.1,2,0.53,17.21,1.0,1,5.81,12.09,0.5,1,4.14,16.04,3.49,30.7,-,-,24.19,0.06,0.25,18.13,0.04,0.22,15.82,-,-,27.64,14.44,46.75,23.33,"[{""除权除息日"": ""2021-06-29"", ""派息比例"": 0.12, ""财年"": 2020}, {""除权除息日"": ""2022-05-30"", ""派息比例"": 0.2, ""财年"": 2021}, {""除权除息日"": ""2023-05-18"", ""派息比例"": 1.4, ""财年"": 2022}, {""除权除息日"": ""2024-05-31"", ""派息比例"": 0.5, ""财年"": 2023}, {""除权除息日"": ""2025-06-20"", ""派息比例"": 1.0, ""财年"": 2024}, {""除权除息日"": ""2026-02-11"", ""派息比例"": 0.04, ""财年"": 2025}, {""除权除息日"": ""2026-06-10"", ""派息比例"": 0.06, ""财年"": 2025}]"
601225,陕西煤业,沪市主板,中证红利,20.9,0.04,1,0.19,24.74,1.35,3,5.45,18.61,1.31,1,7.07,21.42,4.23,23.71,-,-,22.55,0.04,0.17,20.45,-,-,19.99,0.04,0.2,24.68,18.72,18.09,10.43,"[{""除权除息日"": ""2021-07-09"", ""派息比例"": 0.8, ""财年"": 2020}, {""除权除息日"": ""2022-07-08"", ""派息比例"": 1.35, ""财年"": 2021}, {""除权除息日"": ""2023-07-12"", ""派息比例"": 2.18, ""财年"": 2022}, {""除权除息日"": ""2024-06-28"", ""派息比例"": 1.315, ""财年"": 2023}, {""除权除息日"": ""2024-10-23"", ""派息比例"": 0.109, ""财年"": 2024}, {""除权除息日"": ""2025-01-17"", ""派息比例"": 0.103, ""财年"": 2024}, {""除权除息日"": ""2025-06-25"", ""派息比例"": 1.136, ""财年"": 2024}, {""除权除息日"": ""2025-09-26"", ""派息比例"": 0.039, ""财年"": 2025}]"
601288,农业银行,沪市主板,中证红利,6.32,0.25,2,3.95,4.49,0.24,2,5.39,3.4,0.23,1,6.79,4.73,5.38,6.82,-,-,7.86,0.25,3.17,6.67,-,-,5.53,0.12,2.16,8.59,4.93,35.98,21.96,"[{""除权除息日"": ""2021-06-17"", ""派息比例"": 0.1851, ""财年"": 2020}, {""除权除息日"": ""2022-07-15"", ""派息比例"": 0.2068, ""财年"": 2021}, {""除权除息日"": ""2023-07-18"", ""派息比例"": 0.2222, ""财年"": 2022}, {""除权除息日"": ""2024-06-07"", ""派息比例"": 0.2309, ""财年"": 2023}, {""除权除息日"": ""2025-01-08"", ""派息比例"": 0.1164, ""财年"": 2024}, {""除权除息日"": ""2025-07-17"", ""派息比例"": 0.1255, ""财年"": 2024}, {""除权除息日"": ""2025-12-15"", ""派息比例"": 0.1195, ""财年"": 2025}, {""除权除息日"": ""2026-05-13"", ""派息比例"": 0.13, ""财年"": 2025}]"
601318,中国平安,沪市主板,中证红利,55.76,2.7,2,4.84,45.42,2.55,2,5.61,47.31,2.43,2,5.14,49.5,5.2,64.38,-,-,61.2,2.7,4.41,57.75,-,-,52.69,0.95,1.8,71.16,48.56,27.61,12.92,"[{""除权除息日"": ""2021-10-25"", ""派息比例"": 0.88, ""财年"": 2021}, {""除权除息日"": ""2022-06-20"", ""派息比例"": 1.5, ""财年"": 2021}, {""除权除息日"": ""2022-10-20"", ""派息比例"": 0.92, ""财年"": 2022}, {""除权除息日"": ""2023-06-14"", ""派息比例"": 1.5, ""财年"": 2022}, {""除权除息日"": ""2023-10-25"", ""派息比例"": 0.93, ""财年"": 2023}, {""除权除息日"": ""2024-07-26"", ""派息比例"": 1.5, ""财年"": 2023}, {""除权除息日"": ""2024-10-18"", ""派息比例"": 0.93, ""财年"": 2024}, {""除权除息日"": ""2025-06-30"", ""派息比例"": 1.62, ""财年"": 2024}, {""除权除息日"": ""2025-10-24"", ""派息比例"": 0.95, ""财年"": 2025}, {""除权除息日"": ""2026-06-10"", ""派息比例"": 1.75, ""财年"": 2025}]"
601328,交通银行,沪市主板,中证红利,7.46,0.16,1,2.1,6.96,0.38,2,5.45,5.52,0.38,1,6.79,6.65,4.78,6.8,-,-,7.32,0.16,2.14,7.55,-,-,7.66,0.16,2.04,8.32,6.72,11.55,9.91,"[{""除权除息日"": ""2021-07-13"", ""派息比例"": 0.317, ""财年"": 2020}, {""除权除息日"": ""2022-07-12"", ""派息比例"": 0.355, ""财年"": 2021}, {""除权除息日"": ""2023-07-12"", ""派息比例"": 0.373, ""财年"": 2022}, {""除权除息日"": ""2024-07-10"", ""派息比例"": 0.375, ""财年"": 2023}, {""除权除息日"": ""2025-01-24"", ""派息比例"": 0.182, ""财年"": 2024}, {""除权除息日"": ""2025-04-18"", ""派息比例"": 0.197, ""财年"": 2024}, {""除权除息日"": ""2025-12-25"", ""派息比例"": 0.1563, ""财年"": 2025}]"
601398,工商银行,沪市主板,中证红利,7.37,0.31,2,4.21,5.72,0.31,2,5.38,4.67,0.31,1,6.57,5.92,5.39,7.34,-,-,7.93,0.31,3.91,7.58,-,-,7.13,0.14,1.98,8.31,6.44,12.75,12.63,"[{""除权除息日"": ""2021-07-06"", ""派息比例"": 0.266, ""财年"": 2020}, {""除权除息日"": ""2022-07-12"", ""派息比例"": 0.2933, ""财年"": 2021}, {""除权除息日"": ""2023-07-17"", ""派息比例"": 0.3035, ""财年"": 2022}, {""除权除息日"": ""2024-07-16"", ""派息比例"": 0.3064, ""财年"": 2023}, {""除权除息日"": ""2025-01-07"", ""派息比例"": 0.1434, ""财年"": 2024}, {""除权除息日"": ""2025-07-14"", ""派息比例"": 0.1646, ""财年"": 2024}, {""除权除息日"": ""2025-12-15"", ""派息比例"": 0.1414, ""财年"": 2025}, {""除权除息日"": ""2026-05-13"", ""派息比例"": 0.1689, ""财年"": 2025}]"
601717,中创智领,沪市主板,中证红利,18.29,1.25,1,6.84,13.8,1.12,1,8.12,12.75,0.84,1,6.59,14.94,7.18,23.83,-,-,23.85,1.25,5.24,19.43,-,-,15.82,-,-,27.69,12.45,51.43,31.91,"[{""除权除息日"": ""2021-07-02"", ""派息比例"": 0.2099, ""财年"": 2020}, {""除权除息日"": ""2022-06-15"", ""派息比例"": 0.435, ""财年"": 2021}, {""除权除息日"": ""2023-06-09"", ""派息比例"": 0.56, ""财年"": 2022}, {""除权除息日"": ""2024-06-26"", ""派息比例"": 0.84, ""财年"": 2023}, {""除权除息日"": ""2025-07-25"", ""派息比例"": 1.12, ""财年"": 2024}]"
601818,光大银行,沪市主板,中证红利,3.8,0.17,2,4.61,3.28,0.19,2,5.77,3.06,0.28,2,9.06,3.38,6.48,3.33,-,-,3.51,0.17,4.99,3.95,-,-,3.93,0.11,2.67,4.44,3.34,16.95,12.03,"[{""除权除息日"": ""2021-07-21"", ""派息比例"": 0.21, ""财年"": 2020}, {""除权除息日"": ""2022-06-29"", ""派息比例"": 0.201, ""财年"": 2021}, {""除权除息日"": ""2023-07-19"", ""派息比例"": 0.19, ""财年"": 2022}, {""除权除息日"": ""2024-07-24"", ""派息比例"": 0.173, ""财年"": 2023}, {""除权除息日"": ""2025-01-22"", ""派息比例"": 0.104, ""财年"": 2024}, {""除权除息日"": ""2025-07-24"", ""派息比例"": 0.085, ""财年"": 2024}, {""除权除息日"": ""2026-02-05"", ""派息比例"": 0.105, ""财年"": 2025}]"
601857,中国石油,沪市主板,中证红利,8.67,0.22,1,2.54,8.99,0.47,2,5.23,6.98,0.44,2,6.31,8.21,4.69,11.13,-,-,9.51,0.22,2.31,8.65,-,-,8.29,0.22,2.65,10.41,7.34,20.12,15.3,"[{""除权除息日"": ""2021-06-29"", ""派息比例"": 0.0874, ""财年"": 2020}, {""除权除息日"": ""2021-09-17"", ""派息比例"": 0.1304, ""财年"": 2021}, {""除权除息日"": ""2022-06-28"", ""派息比例"": 0.0962, ""财年"": 2021}, {""除权除息日"": ""2022-09-20"", ""派息比例"": 0.2026, ""财年"": 2022}, {""除权除息日"": ""2023-06-28"", ""派息比例"": 0.22, ""财年"": 2022}, {""除权除息日"": ""2023-09-20"", ""派息比例"": 0.21, ""财年"": 2023}, {""除权除息日"": ""2024-06-26"", ""派息比例"": 0.23, ""财年"": 2023}, {""除权除息日"": ""2024-09-19"", ""派息比例"": 0.22, ""财年"": 2024}, {""除权除息日"": ""2025-06-25"", ""派息比例"": 0.25, ""财年"": 2024}, {""除权除息日"": ""2025-09-17"", ""派息比例"": 0.22, ""财年"": 2025}]"
601928,凤凰传媒,沪市主板,中证红利,10.94,0.1,1,0.91,10.68,0.5,1,4.68,10.5,0.5,1,4.76,10.71,3.45,9.98,-,-,10.25,0.1,0.98,11.02,-,-,11.64,0.1,0.86,12.04,9.95,10.1,9.02,"[{""除权除息日"": ""2021-07-16"", ""派息比例"": 0.4, ""财年"": 2020}, {""除权除息日"": ""2022-07-18"", ""派息比例"": 0.5, ""财年"": 2021}, {""除权除息日"": ""2023-07-31"", ""派息比例"": 0.5, ""财年"": 2022}, {""除权除息日"": ""2024-07-12"", ""派息比例"": 0.5, ""财年"": 2023}, {""除权除息日"": ""2025-07-09"", ""派息比例"": 0.5, ""财年"": 2024}, {""除权除息日"": ""2025-10-24"", ""派息比例"": 0.1, ""财年"": 2025}]"
601939,建设银行,沪市主板,中证红利,9.07,0.19,1,2.05,7.45,0.4,2,5.41,6.15,0.4,1,6.51,7.56,4.65,8.99,-,-,9.31,0.19,2.0,9.29,-,-,9.11,0.19,2.04,9.87,8.17,8.79,9.94,"[{""除权除息日"": ""2021-07-15"", ""派息比例"": 0.326, ""财年"": 2020}, {""除权除息日"": ""2022-07-08"", ""派息比例"": 0.364, ""财年"": 2021}, {""除权除息日"": ""2023-07-14"", ""派息比例"": 0.389, ""财年"": 2022}, {""除权除息日"": ""2024-07-12"", ""派息比例"": 0.4, ""财年"": 2023}, {""除权除息日"": ""2025-01-10"", ""派息比例"": 0.197, ""财年"": 2024}, {""除权除息日"": ""2025-05-09"", ""派息比例"": 0.206, ""财年"": 2024}, {""除权除息日"": ""2025-12-11"", ""派息比例"": 0.1858, ""财年"": 2025}]"
601988,中国银行,沪市主板,中证红利,5.56,0.11,1,1.97,4.67,0.24,2,5.19,3.73,0.24,1,6.34,4.65,4.5,5.42,-,-,5.7,0.11,1.92,5.55,-,-,5.57,0.11,1.96,6.29,5.18,13.09,6.86,"[{""除权除息日"": ""2022-07-15"", ""派息比例"": 0.221, ""财年"": 2021}, {""除权除息日"": ""2023-07-17"", ""派息比例"": 0.232, ""财年"": 2022}, {""除权除息日"": ""2024-07-17"", ""派息比例"": 0.2364, ""财年"": 2023}, {""除权除息日"": ""2025-01-23"", ""派息比例"": 0.1208, ""财年"": 2024}, {""除权除息日"": ""2025-04-25"", ""派息比例"": 0.1216, ""财年"": 2024}, {""除权除息日"": ""2025-12-11"", ""派息比例"": 0.1094, ""财年"": 2025}]"
601998,中信银行,沪市主板,中证红利,7.62,0.38,2,5.0,6.52,0.35,2,5.44,5.67,0.33,1,5.75,6.61,5.4,7.54,-,-,7.74,0.38,4.92,8.11,-,-,7.75,0.19,2.43,8.98,6.42,17.78,15.8,"[{""除权除息日"": ""2021-07-29"", ""派息比例"": 0.254, ""财年"": 2020}, {""除权除息日"": ""2022-07-28"", ""派息比例"": 0.302, ""财年"": 2021}, {""除权除息日"": ""2023-07-20"", ""派息比例"": 0.329, ""财年"": 2022}, {""除权除息日"": ""2024-07-10"", ""派息比例"": 0.3261, ""财年"": 2023}, {""除权除息日"": ""2024-12-11"", ""派息比例"": 0.1825, ""财年"": 2024}, {""除权除息日"": ""2025-07-10"", ""派息比例"": 0.1722, ""财年"": 2024}, {""除权除息日"": ""2025-11-21"", ""派息比例"": 0.188, ""财年"": 2025}, {""除权除息日"": ""2026-06-10"", ""派息比例"": 0.193, ""财年"": 2025}]"
333,美的集团,深市主板,中证红利质量,74.56,0.5,1,0.67,66.18,3.5,1,5.29,54.63,3.0,1,5.49,65.13,3.82,77.37,-,-,77.53,0.5,0.64,73.2,-,-,74.1,0.5,0.67,82.23,67.18,10.29,9.9,"[{""除权除息日"": ""2022-06-02"", ""派息比例"": 1.7009, ""财年"": 2021}, {""除权除息日"": ""2023-06-01"", ""派息比例"": 2.5, ""财年"": 2022}, {""除权除息日"": ""2024-05-15"", ""派息比例"": 3.0, ""财年"": 2023}, {""除权除息日"": ""2025-06-12"", ""派息比例"": 3.5, ""财年"": 2024}, {""除权除息日"": ""2025-11-18"", ""派息比例"": 0.5, ""财年"": 2025}]"
423,东阿阿胶,深市主板,中证红利质量,53.42,2.71,2,5.06,58.43,2.42,2,4.14,48.79,1.78,1,3.66,53.55,4.29,52.7,-,-,48.15,2.71,5.62,50.14,-,-,56.81,1.27,2.24,63.3,46.8,18.49,12.39,"[{""除权除息日"": ""2021-08-20"", ""派息比例"": 0.3047, ""财年"": 2020}, {""除权除息日"": ""2022-08-23"", ""派息比例"": 0.6601, ""财年"": 2021}, {""除权除息日"": ""2023-06-21"", ""派息比例"": 1.1781, ""财年"": 2022}, {""除权除息日"": ""2024-06-12"", ""派息比例"": 1.7842, ""财年"": 2023}, {""除权除息日"": ""2024-09-10"", ""派息比例"": 1.1467, ""财年"": 2024}, {""除权除息日"": ""2025-06-05"", ""派息比例"": 1.273, ""财年"": 2024}, {""除权除息日"": ""2025-09-03"", ""派息比例"": 1.2701, ""财年"": 2025}, {""除权除息日"": ""2026-05-25"", ""派息比例"": 1.4355, ""财年"": 2025}]"
543,皖能电力,深市主板,中证红利质量,7.5,0.38,1,5.05,8.06,0.32,1,3.96,5.9,0.22,1,3.74,7.15,4.25,8.41,-,-,8.13,0.38,4.66,7.21,-,-,7.42,-,-,8.82,6.79,17.6,9.47,"[{""除权除息日"": ""2023-06-20"", ""派息比例"": 0.048, ""财年"": 2022}, {""除权除息日"": ""2024-05-30"", ""派息比例"": 0.221, ""财年"": 2023}, {""除权除息日"": ""2025-06-25"", ""派息比例"": 0.319, ""财年"": 2024}]"
807,云铝股份,深市主板,中证红利质量,18.69,0.7,2,3.74,13.24,0.41,2,3.1,13.45,0.23,1,1.71,15.13,2.85,32.3,-,-,25.21,0.7,2.77,17.7,-,-,15.16,0.32,2.11,32.84,13.73,75.72,26.53,"[{""除权除息日"": ""2022-06-23"", ""派息比例"": 0.113, ""财年"": 2021}, {""除权除息日"": ""2023-06-30"", ""派息比例"": 0.16, ""财年"": 2022}, {""除权除息日"": ""2024-06-20"", ""派息比例"": 0.23, ""财年"": 2023}, {""除权除息日"": ""2024-09-30"", ""派息比例"": 0.23, ""财年"": 2024}, {""除权除息日"": ""2025-06-26"", ""派息比例"": 0.18, ""财年"": 2024}, {""除权除息日"": ""2025-10-28"", ""派息比例"": 0.32, ""财年"": 2025}, {""除权除息日"": ""2026-06-10"", ""派息比例"": 0.379, ""财年"": 2025}]"
915,华特达因,深市主板,中证红利质量,31.25,0.5,1,1.6,29.93,2.5,2,8.35,35.86,2.0,1,5.58,32.34,5.18,32.36,-,-,33.54,0.5,1.49,33.32,-,-,30.45,0.5,1.64,35.6,25.38,13.92,18.78,"[{""除权除息日"": ""2022-04-27"", ""派息比例"": 0.8, ""财年"": 2021}, {""除权除息日"": ""2023-05-12"", ""派息比例"": 0.8, ""财年"": 2022}, {""除权除息日"": ""2024-05-16"", ""派息比例"": 2.0, ""财年"": 2023}, {""除权除息日"": ""2024-09-27"", ""派息比例"": 0.5, ""财年"": 2024}, {""除权除息日"": ""2025-06-11"", ""派息比例"": 2.0, ""财年"": 2024}, {""除权除息日"": ""2025-10-17"", ""派息比例"": 0.5, ""财年"": 2025}]"
975,山金国际,深市主板,中证红利质量,19.84,0.48,1,2.42,16.95,0.36,1,2.15,13.17,0.28,1,2.13,16.65,2.23,30.56,-,-,22.51,0.48,2.13,19.55,-,-,20.01,-,-,25.45,16.0,28.29,19.35,"[{""除权除息日"": ""2022-05-13"", ""派息比例"": 0.25, ""财年"": 2021}, {""除权除息日"": ""2023-03-30"", ""派息比例"": 0.28, ""财年"": 2022}, {""除权除息日"": ""2024-05-10"", ""派息比例"": 0.28, ""财年"": 2023}, {""除权除息日"": ""2025-05-20"", ""派息比例"": 0.365, ""财年"": 2024}, {""除权除息日"": ""2026-04-24"", ""派息比例"": 0.4804, ""财年"": 2025}]"
2117,东港股份,深市主板,中证红利质量,12.32,0.3,1,2.44,7.73,0.26,2,3.36,9.36,0.26,1,2.78,9.8,2.86,11.49,-,-,12.29,0.3,2.44,12.11,-,-,11.4,-,-,14.92,10.42,21.15,15.39,"[{""除权除息日"": ""2022-05-27"", ""派息比例"": 0.3, ""财年"": 2021}, {""除权除息日"": ""2023-05-12"", ""派息比例"": 0.22, ""财年"": 2022}, {""除权除息日"": ""2024-05-16"", ""派息比例"": 0.26, ""财年"": 2023}, {""除权除息日"": ""2024-11-15"", ""派息比例"": 0.05, ""财年"": 2024}, {""除权除息日"": ""2025-05-16"", ""派息比例"": 0.21, ""财年"": 2024}, {""除权除息日"": ""2026-05-15"", ""派息比例"": 0.3, ""财年"": 2025}]"
2532,天山铝业,深市主板,中证红利质量,9.97,0.55,3,5.51,7.25,0.4,2,5.52,6.97,0.15,1,2.15,8.06,4.4,17.98,-,-,13.4,0.45,3.36,9.84,0.1,1.02,7.82,0.2,2.56,16.2,6.87,62.41,31.13,"[{""除权除息日"": ""2021-07-01"", ""派息比例"": 0.2, ""财年"": 2020}, {""除权除息日"": ""2021-12-22"", ""派息比例"": 0.2, ""财年"": 2021}, {""除权除息日"": ""2022-06-21"", ""派息比例"": 0.2, ""财年"": 2021}, {""除权除息日"": ""2023-04-19"", ""派息比例"": 0.2, ""财年"": 2022}, {""除权除息日"": ""2024-05-22"", ""派息比例"": 0.15, ""财年"": 2023}, {""除权除息日"": ""2024-11-21"", ""派息比例"": 0.2, ""财年"": 2024}, {""除权除息日"": ""2025-05-22"", ""派息比例"": 0.2, ""财年"": 2024}, {""除权除息日"": ""2025-10-30"", ""派息比例"": 0.2, ""财年"": 2025}, {""除权除息日"": ""2026-02-11"", ""派息比例"": 0.1, ""财年"": 2025}, {""除权除息日"": ""2026-05-15"", ""派息比例"": 0.25, ""财年"": 2025}]"
2555,三七互娱,深市主板,中证红利质量,17.73,1.03,4,5.81,15.9,1.0,4,6.29,25.29,0.82,2,3.24,19.64,5.11,25.1,0.21,0.84,21.13,0.61,2.89,18.95,0.21,1.11,15.18,0.21,1.38,23.6,13.5,33.1,23.86,"[{""除权除息日"": ""2021-08-18"", ""派息比例"": 0.2, ""财年"": 2020}, {""除权除息日"": ""2021-11-09"", ""派息比例"": 0.15, ""财年"": 2021}, {""除权除息日"": ""2022-05-27"", ""派息比例"": 0.37, ""财年"": 2021}, {""除权除息日"": ""2022-09-26"", ""派息比例"": 0.35, ""财年"": 2022}, {""除权除息日"": ""2023-06-02"", ""派息比例"": 0.45, ""财年"": 2022}, {""除权除息日"": ""2023-09-28"", ""派息比例"": 0.45, ""财年"": 2023}, {""除权除息日"": ""2024-05-21"", ""派息比例"": 0.37, ""财年"": 2023}, {""除权除息日"": ""2024-05-24"", ""派息比例"": 0.21, ""财年"": 2024}, {""除权除息日"": ""2024-09-04"", ""派息比例"": 0.21, ""财年"": 2024}, {""除权除息日"": ""2024-11-08"", ""派息比例"": 0.21, ""财年"": 2024}, {""除权除息日"": ""2025-05-21"", ""派息比例"": 0.37, ""财年"": 2024}, {""除权除息日"": ""2025-05-27"", ""派息比例"": 0.21, ""财年"": 2025}, {""除权除息日"": ""2025-09-04"", ""派息比例"": 0.21, ""财年"": 2025}, {""除权除息日"": ""2025-11-06"", ""派息比例"": 0.21, ""财年"": 2025}, {""除权除息日"": ""2026-05-22"", ""派息比例"": 0.4, ""财年"": 2025}, {""除权除息日"": ""2026-06-02"", ""派息比例"": 0.21, ""财年"": 2026}]"
2690,美亚光电,深市主板,中证红利质量,17.8,0.7,1,3.93,16.36,0.7,1,4.28,24.26,0.7,1,2.89,19.47,3.7,19.87,-,-,20.34,0.7,3.44,18.38,-,-,17.12,-,-,21.99,13.66,23.54,23.26,"[{""除权除息日"": ""2022-05-13"", ""派息比例"": 0.8, ""财年"": 2021}, {""除权除息日"": ""2023-05-11"", ""派息比例"": 0.7, ""财年"": 2022}, {""除权除息日"": ""2024-05-17"", ""派息比例"": 0.7, ""财年"": 2023}, {""除权除息日"": ""2025-05-14"", ""派息比例"": 0.7, ""财年"": 2024}, {""除权除息日"": ""2026-05-14"", ""派息比例"": 0.7, ""财年"": 2025}]"
600285,羚锐制药,沪市主板,中证红利质量,22.36,1.1,1,4.92,22.17,0.9,1,4.06,15.88,0.8,1,5.04,20.14,4.67,21.66,-,-,22.15,1.1,4.97,23.03,-,-,23.17,-,-,24.7,19.98,10.46,10.64,"[{""除权除息日"": ""2021-06-16"", ""派息比例"": 0.4, ""财年"": 2020}, {""除权除息日"": ""2022-06-16"", ""派息比例"": 0.5, ""财年"": 2021}, {""除权除息日"": ""2023-06-16"", ""派息比例"": 0.6, ""财年"": 2022}, {""除权除息日"": ""2024-06-20"", ""派息比例"": 0.8, ""财年"": 2023}, {""除权除息日"": ""2025-06-20"", ""派息比例"": 0.9, ""财年"": 2024}, {""除权除息日"": ""2026-06-11"", ""派息比例"": 1.1, ""财年"": 2025}]"
600300,维维股份,沪市主板,中证红利质量,3.47,0.1,1,3.0,2.76,0.13,1,4.63,3.17,0.07,1,2.05,3.14,3.22,3.65,-,-,3.54,0.1,2.94,3.43,-,-,3.66,-,-,4.41,2.86,27.03,17.62,"[{""除权除息日"": ""2022-05-24"", ""派息比例"": 0.03, ""财年"": 2021}, {""除权除息日"": ""2023-06-08"", ""派息比例"": 0.018, ""财年"": 2022}, {""除权除息日"": ""2024-05-21"", ""派息比例"": 0.065, ""财年"": 2023}, {""除权除息日"": ""2025-05-29"", ""派息比例"": 0.128, ""财年"": 2024}, {""除权除息日"": ""2026-05-28"", ""派息比例"": 0.104, ""财年"": 2025}]"
600351,亚宝药业,沪市主板,中证红利质量,6.47,0.35,2,5.41,6.07,0.3,1,4.94,7.2,0.15,1,2.08,6.58,4.14,6.66,-,-,6.71,0.15,2.24,6.95,0.2,2.88,6.08,-,-,8.01,5.66,23.77,12.54,"[{""除权除息日"": ""2022-06-08"", ""派息比例"": 0.08, ""财年"": 2021}, {""除权除息日"": ""2023-06-20"", ""派息比例"": 0.05, ""财年"": 2022}, {""除权除息日"": ""2024-05-30"", ""派息比例"": 0.15, ""财年"": 2023}, {""除权除息日"": ""2025-05-30"", ""派息比例"": 0.3, ""财年"": 2024}, {""除权除息日"": ""2026-02-06"", ""派息比例"": 0.2, ""财年"": 2025}, {""除权除息日"": ""2026-06-15"", ""派息比例"": 0.15, ""财年"": 2025}]"
600519,贵州茅台,沪市主板,中证红利质量,1476.08,23.96,1,1.62,1569.6,51.55,2,3.28,1768.29,30.88,1,1.75,1604.66,2.22,1427.1,-,-,1437.15,-,-,1450.35,23.96,1.65,1525.69,-,-,1637.86,1377.18,10.96,6.7,"[{""除权除息日"": ""2021-06-25"", ""派息比例"": 19.293, ""财年"": 2020}, {""除权除息日"": ""2022-06-30"", ""派息比例"": 21.675, ""财年"": 2021}, {""除权除息日"": ""2022-12-27"", ""派息比例"": 21.91, ""财年"": 2022}, {""除权除息日"": ""2023-06-30"", ""派息比例"": 25.911, ""财年"": 2022}, {""除权除息日"": ""2023-12-20"", ""派息比例"": 19.106, ""财年"": 2023}, {""除权除息日"": ""2024-06-19"", ""派息比例"": 30.876, ""财年"": 2023}, {""除权除息日"": ""2024-12-20"", ""派息比例"": 23.882, ""财年"": 2024}, {""除权除息日"": ""2025-06-26"", ""派息比例"": 27.673, ""财年"": 2024}, {""除权除息日"": ""2025-12-19"", ""派息比例"": 23.957, ""财年"": 2025}]"
600660,福耀玻璃,沪市主板,中证红利质量,60.72,2.1,2,3.46,48.58,1.8,1,3.71,36.29,1.3,1,3.58,48.53,3.58,60.21,-,-,65.19,2.1,3.22,62.14,-,-,56.97,0.9,1.58,74.2,53.53,22.19,11.85,"[{""除权除息日"": ""2021-07-01"", ""派息比例"": 0.75, ""财年"": 2020}, {""除权除息日"": ""2022-05-19"", ""派息比例"": 1.0, ""财年"": 2021}, {""除权除息日"": ""2023-05-18"", ""派息比例"": 1.25, ""财年"": 2022}, {""除权除息日"": ""2024-05-17"", ""派息比例"": 1.3, ""财年"": 2023}, {""除权除息日"": ""2025-05-09"", ""派息比例"": 1.8, ""财年"": 2024}, {""除权除息日"": ""2025-10-13"", ""派息比例"": 0.9, ""财年"": 2025}, {""除权除息日"": ""2026-05-13"", ""派息比例"": 1.2, ""财年"": 2025}]"
603040,新坐标,沪市主板,中证红利质量,50.01,0.55,2,1.1,21.1,0.9,3,4.26,22.76,0.55,2,2.42,31.29,2.59,95.31,-,-,77.69,0.3,0.39,57.4,0.25,0.44,35.48,0.3,0.85,91.99,21.47,83.96,57.07,"[{""除权除息日"": ""2021-06-11"", ""派息比例"": 0.5, ""财年"": 2020}, {""除权除息日"": ""2022-06-16"", ""派息比例"": 0.3, ""财年"": 2021}, {""除权除息日"": ""2023-06-20"", ""派息比例"": 0.35, ""财年"": 2022}, {""除权除息日"": ""2023-09-27"", ""派息比例"": 0.15, ""财年"": 2023}, {""除权除息日"": ""2024-06-14"", ""派息比例"": 0.4, ""财年"": 2023}, {""除权除息日"": ""2024-10-21"", ""派息比例"": 0.2, ""财年"": 2024}, {""除权除息日"": ""2025-01-21"", ""派息比例"": 0.1, ""财年"": 2024}, {""除权除息日"": ""2025-06-12"", ""派息比例"": 0.6, ""财年"": 2024}, {""除权除息日"": ""2025-09-25"", ""派息比例"": 0.3, ""财年"": 2025}, {""除权除息日"": ""2025-11-26"", ""派息比例"": 0.25, ""财年"": 2025}]"
603508,思维列控,沪市主板,中证红利质量,27.72,2.62,2,9.47,19.69,1.44,2,7.3,16.74,0.76,1,4.52,21.39,7.1,26.39,-,-,29.3,2.62,8.96,31.69,-,-,25.7,2.1,8.17,37.16,21.02,34.04,24.18,"[{""除权除息日"": ""2021-07-09"", ""派息比例"": 0.312, ""财年"": 2020}, {""除权除息日"": ""2022-06-10"", ""派息比例"": 0.8483, ""财年"": 2021}, {""除权除息日"": ""2023-05-22"", ""派息比例"": 0.5451, ""财年"": 2022}, {""除权除息日"": ""2024-05-20"", ""派息比例"": 0.7566, ""财年"": 2023}, {""除权除息日"": ""2024-12-05"", ""派息比例"": 0.25, ""财年"": 2024}, {""除权除息日"": ""2025-06-12"", ""派息比例"": 1.1883, ""财年"": 2024}, {""除权除息日"": ""2025-09-09"", ""派息比例"": 2.1, ""财年"": 2025}, {""除权除息日"": ""2026-05-21"", ""派息比例"": 0.5245, ""财年"": 2025}]"
400,许继电气,深市主板,红利增长,24.2,0.24,1,0.98,27.82,0.42,3,1.51,21.43,0.3,1,1.38,24.48,1.29,30.23,-,-,26.48,0.24,0.9,23.16,-,-,22.05,0.24,1.08,29.5,20.52,21.91,15.2,"[{""除权除息日"": ""2021-06-16"", ""派息比例"": 0.1, ""财年"": 2020}, {""除权除息日"": ""2022-06-29"", ""派息比例"": 0.1, ""财年"": 2021}, {""除权除息日"": ""2023-06-20"", ""派息比例"": 0.14, ""财年"": 2022}, {""除权除息日"": ""2024-06-13"", ""派息比例"": 0.296, ""财年"": 2023}, {""除权除息日"": ""2024-10-24"", ""派息比例"": 0.186, ""财年"": 2024}, {""除权除息日"": ""2025-01-10"", ""派息比例"": 0.083, ""财年"": 2024}, {""除权除息日"": ""2025-07-09"", ""派息比例"": 0.15, ""财年"": 2024}, {""除权除息日"": ""2025-10-17"", ""派息比例"": 0.238, ""财年"": 2025}]"
563,陕国投A,深市主板,红利增长,3.54,0.09,3,2.54,3.17,0.09,3,2.84,3.17,0.07,1,2.2,3.3,2.53,3.54,-,-,3.55,0.07,1.97,3.67,0.02,0.55,3.4,0.01,0.29,3.9,3.17,10.26,10.38,"[{""除权除息日"": ""2021-06-22"", ""派息比例"": 0.03, ""财年"": 2020}, {""除权除息日"": ""2022-05-31"", ""派息比例"": 0.03, ""财年"": 2021}, {""除权除息日"": ""2023-06-09"", ""派息比例"": 0.03, ""财年"": 2022}, {""除权除息日"": ""2024-05-28"", ""派息比例"": 0.07, ""财年"": 2023}, {""除权除息日"": ""2024-10-23"", ""派息比例"": 0.01, ""财年"": 2024}, {""除权除息日"": ""2024-12-13"", ""派息比例"": 0.03, ""财年"": 2024}, {""除权除息日"": ""2025-06-04"", ""派息比例"": 0.05, ""财年"": 2024}, {""除权除息日"": ""2025-10-22"", ""派息比例"": 0.01, ""财年"": 2025}, {""除权除息日"": ""2025-12-16"", ""派息比例"": 0.02, ""财年"": 2025}, {""除权除息日"": ""2026-04-28"", ""派息比例"": 0.06, ""财年"": 2025}]"
568,泸州老窖,深市主板,红利增长,126.13,1.36,1,1.08,150.52,5.95,2,3.95,223.74,5.4,1,2.41,166.79,2.48,112.38,-,-,130.32,-,-,128.09,1.36,1.06,122.09,-,-,143.61,108.8,13.86,13.74,"[{""除权除息日"": ""2021-08-20"", ""派息比例"": 2.051, ""财年"": 2020}, {""除权除息日"": ""2022-08-26"", ""派息比例"": 3.244, ""财年"": 2021}, {""除权除息日"": ""2023-08-28"", ""派息比例"": 4.225, ""财年"": 2022}, {""除权除息日"": ""2024-08-23"", ""派息比例"": 5.4001, ""财年"": 2023}, {""除权除息日"": ""2025-01-24"", ""派息比例"": 1.358, ""财年"": 2024}, {""除权除息日"": ""2025-08-08"", ""派息比例"": 4.592, ""财年"": 2024}, {""除权除息日"": ""2026-01-30"", ""派息比例"": 1.358, ""财年"": 2025}]"
596,古井贡酒,深市主板,红利增长,158.09,1.0,1,0.63,211.38,6.0,2,2.84,267.95,4.5,1,1.68,212.47,1.72,123.14,-,-,154.33,-,-,151.53,1.0,0.66,157.03,-,-,193.54,131.68,22.42,16.71,"[{""除权除息日"": ""2022-06-13"", ""派息比例"": 2.2, ""财年"": 2021}, {""除权除息日"": ""2023-07-13"", ""派息比例"": 3.0, ""财年"": 2022}, {""除权除息日"": ""2024-06-20"", ""派息比例"": 4.5, ""财年"": 2023}, {""除权除息日"": ""2025-01-24"", ""派息比例"": 1.0, ""财年"": 2024}, {""除权除息日"": ""2025-06-26"", ""派息比例"": 5.0, ""财年"": 2024}, {""除权除息日"": ""2026-02-10"", ""派息比例"": 1.0, ""财年"": 2025}]"
729,燕京啤酒,深市主板,红利增长,12.35,0.1,1,0.81,9.59,0.19,1,1.98,11.41,0.1,1,0.88,11.12,1.22,12.54,-,-,12.09,-,-,12.56,0.1,0.8,13.11,-,-,14.36,10.75,16.23,12.99,"[{""除权除息日"": ""2021-07-14"", ""派息比例"": 0.022, ""财年"": 2020}, {""除权除息日"": ""2022-07-14"", ""派息比例"": 0.04, ""财年"": 2021}, {""除权除息日"": ""2023-07-04"", ""派息比例"": 0.08, ""财年"": 2022}, {""除权除息日"": ""2024-07-24"", ""派息比例"": 0.1, ""财年"": 2023}, {""除权除息日"": ""2025-07-29"", ""派息比例"": 0.19, ""财年"": 2024}, {""除权除息日"": ""2025-12-29"", ""派息比例"": 0.1, ""财年"": 2025}]"
786,北新建材,深市主板,红利增长,27.19,0.68,1,2.52,28.79,0.86,1,3.0,26.64,0.83,1,3.13,27.54,2.89,26.97,-,-,24.51,0.68,2.79,26.08,-,-,28.48,-,-,32.49,23.42,19.51,13.85,"[{""除权除息日"": ""2021-06-11"", ""派息比例"": 0.55, ""财年"": 2020}, {""除权除息日"": ""2022-06-09"", ""派息比例"": 0.655, ""财年"": 2021}, {""除权除息日"": ""2023-06-09"", ""派息比例"": 0.655, ""财年"": 2022}, {""除权除息日"": ""2024-06-19"", ""派息比例"": 0.835, ""财年"": 2023}, {""除权除息日"": ""2025-06-13"", ""派息比例"": 0.865, ""财年"": 2024}, {""除权除息日"": ""2026-06-12"", ""派息比例"": 0.685, ""财年"": 2025}]"
858,五 粮 液,深市主板,红利增长,124.88,2.58,1,2.06,138.74,5.75,2,4.14,171.77,4.67,1,2.72,145.13,2.97,104.51,-,-,116.64,-,-,124.21,2.58,2.08,127.25,-,-,140.8,105.94,12.75,15.17,"[{""除权除息日"": ""2021-07-09"", ""派息比例"": 2.58, ""财年"": 2020}, {""除权除息日"": ""2022-06-29"", ""派息比例"": 3.023, ""财年"": 2021}, {""除权除息日"": ""2023-06-27"", ""派息比例"": 3.782, ""财年"": 2022}, {""除权除息日"": ""2024-07-12"", ""派息比例"": 4.67, ""财年"": 2023}, {""除权除息日"": ""2025-01-23"", ""派息比例"": 2.576, ""财年"": 2024}, {""除权除息日"": ""2025-07-18"", ""派息比例"": 3.169, ""财年"": 2024}, {""除权除息日"": ""2025-12-18"", ""派息比例"": 2.578, ""财年"": 2025}]"
988,华工科技,深市主板,红利增长,56.04,0.25,1,0.45,32.1,0.2,1,0.63,29.72,0.15,1,0.5,39.29,0.53,92.75,-,-,77.63,0.25,0.32,60.94,-,-,41.87,-,-,99.15,33.83,76.93,39.63,"[{""除权除息日"": ""2021-06-30"", ""派息比例"": 0.06, ""财年"": 2020}, {""除权除息日"": ""2022-06-16"", ""派息比例"": 0.08, ""财年"": 2021}, {""除权除息日"": ""2023-05-16"", ""派息比例"": 0.1, ""财年"": 2022}, {""除权除息日"": ""2024-06-12"", ""派息比例"": 0.15, ""财年"": 2023}, {""除权除息日"": ""2025-06-20"", ""派息比例"": 0.202, ""财年"": 2024}, {""除权除息日"": ""2026-06-12"", ""派息比例"": 0.25, ""财年"": 2025}]"
999,华润三九,深市主板,红利增长,35.26,1.04,2,2.95,49.57,1.32,2,2.66,52.31,1.5,1,2.87,45.71,2.83,28.84,-,-,28.81,1.04,3.61,30.5,-,-,39.76,0.45,1.13,45.53,27.97,29.11,20.68,"[{""除权除息日"": ""2021-07-09"", ""派息比例"": 0.5, ""财年"": 2020}, {""除权除息日"": ""2022-08-12"", ""派息比例"": 0.8528, ""财年"": 2021}, {""除权除息日"": ""2023-06-15"", ""派息比例"": 1.0, ""财年"": 2022}, {""除权除息日"": ""2024-06-14"", ""派息比例"": 1.5, ""财年"": 2023}, {""除权除息日"": ""2024-11-29"", ""派息比例"": 1.0, ""财年"": 2024}, {""除权除息日"": ""2025-06-06"", ""派息比例"": 0.32, ""财年"": 2024}, {""除权除息日"": ""2025-10-17"", ""派息比例"": 0.45, ""财年"": 2025}, {""除权除息日"": ""2026-05-29"", ""派息比例"": 0.59, ""财年"": 2025}]"
2017,东信和平,深市主板,红利增长,17.71,0.14,1,0.82,9.23,0.16,1,1.78,13.01,0.15,1,1.15,13.32,1.25,22.46,-,-,22.7,0.14,0.64,25.25,-,-,11.26,-,-,34.87,8.69,96.85,50.94,"[{""除权除息日"": ""2022-06-22"", ""派息比例"": 0.05, ""财年"": 2021}, {""除权除息日"": ""2023-06-21"", ""派息比例"": 0.1, ""财年"": 2022}, {""除权除息日"": ""2024-06-21"", ""派息比例"": 0.15, ""财年"": 2023}, {""除权除息日"": ""2025-06-12"", ""派息比例"": 0.164, ""财年"": 2024}, {""除权除息日"": ""2026-06-12"", ""派息比例"": 0.145, ""财年"": 2025}]"
2078,太阳纸业,深市主板,红利增长,14.36,0.1,1,0.7,13.89,0.3,1,2.16,11.65,0.3,1,2.58,13.3,1.81,16.11,-,-,14.83,-,-,14.42,0.1,0.69,14.0,-,-,15.94,13.16,11.01,8.35,"[{""除权除息日"": ""2021-07-08"", ""派息比例"": 0.1, ""财年"": 2020}, {""除权除息日"": ""2022-07-06"", ""派息比例"": 0.2, ""财年"": 2021}, {""除权除息日"": ""2023-07-07"", ""派息比例"": 0.2, ""财年"": 2022}, {""除权除息日"": ""2024-07-12"", ""派息比例"": 0.3, ""财年"": 2023}, {""除权除息日"": ""2025-07-10"", ""派息比例"": 0.3, ""财年"": 2024}, {""除权除息日"": ""2025-12-10"", ""派息比例"": 0.1, ""财年"": 2025}]"
2158,汉钟精机,深市主板,红利增长,20.72,0.45,1,2.17,18.84,0.58,1,3.08,24.27,0.58,1,2.39,21.28,2.55,25.19,-,-,24.21,0.45,1.86,21.59,-,-,17.67,-,-,28.74,16.44,38.74,20.64,"[{""除权除息日"": ""2022-06-08"", ""派息比例"": 0.36, ""财年"": 2021}, {""除权除息日"": ""2023-06-09"", ""派息比例"": 0.44, ""财年"": 2022}, {""除权除息日"": ""2024-06-07"", ""派息比例"": 0.58, ""财年"": 2023}, {""除权除息日"": ""2025-06-06"", ""派息比例"": 0.58, ""财年"": 2024}, {""除权除息日"": ""2026-06-05"", ""派息比例"": 0.45, ""财年"": 2025}]"
2179,中航光电,深市主板,红利增长,38.67,0.55,1,1.42,37.28,0.8,1,2.15,46.86,0.6,1,1.28,40.93,1.62,35.55,-,-,35.53,0.55,1.55,39.83,-,-,40.28,-,-,43.35,32.27,12.12,16.54,"[{""除权除息日"": ""2021-06-17"", ""派息比例"": 0.4, ""财年"": 2020}, {""除权除息日"": ""2022-06-13"", ""派息比例"": 0.55, ""财年"": 2021}, {""除权除息日"": ""2023-05-16"", ""派息比例"": 0.55, ""财年"": 2022}, {""除权除息日"": ""2024-05-21"", ""派息比例"": 0.6, ""财年"": 2023}, {""除权除息日"": ""2025-06-17"", ""派息比例"": 0.8, ""财年"": 2024}, {""除权除息日"": ""2026-05-26"", ""派息比例"": 0.55, ""财年"": 2025}]"
2262,恩华药业,深市主板,红利增长,23.42,0.4,1,1.71,24.81,0.36,1,1.45,26.45,0.32,1,1.21,24.89,1.46,23.37,-,-,24.9,0.4,1.61,24.28,-,-,22.1,-,-,28.92,20.78,23.48,11.27,"[{""除权除息日"": ""2022-05-13"", ""派息比例"": 0.2, ""财年"": 2021}, {""除权除息日"": ""2023-04-28"", ""派息比例"": 0.2, ""财年"": 2022}, {""除权除息日"": ""2024-05-15"", ""派息比例"": 0.32, ""财年"": 2023}, {""除权除息日"": ""2025-05-14"", ""派息比例"": 0.36, ""财年"": 2024}, {""除权除息日"": ""2026-05-26"", ""派息比例"": 0.4, ""财年"": 2025}]"
2318,久立特材,深市主板,红利增长,24.04,1.0,1,4.16,22.22,0.97,1,4.37,17.47,0.48,1,2.75,21.24,3.76,32.28,-,-,25.77,1.0,3.88,22.91,-,-,24.05,-,-,28.95,21.79,20.44,9.35,"[{""除权除息日"": ""2022-05-26"", ""派息比例"": 0.4, ""财年"": 2021}, {""除权除息日"": ""2023-04-21"", ""派息比例"": 0.43, ""财年"": 2022}, {""除权除息日"": ""2024-05-30"", ""派息比例"": 0.48, ""财年"": 2023}, {""除权除息日"": ""2025-04-24"", ""派息比例"": 0.97, ""财年"": 2024}, {""除权除息日"": ""2026-05-28"", ""派息比例"": 1.0, ""财年"": 2025}]"
2353,杰瑞股份,深市主板,红利增长,43.43,0.85,2,1.96,31.95,0.81,2,2.54,28.25,0.49,1,1.73,34.54,2.08,95.98,-,-,59.19,0.85,1.44,43.99,-,-,33.36,0.15,0.45,75.87,28.33,74.69,34.77,"[{""除权除息日"": ""2021-06-30"", ""派息比例"": 0.18, ""财年"": 2020}, {""除权除息日"": ""2022-05-17"", ""派息比例"": 0.18, ""财年"": 2021}, {""除权除息日"": ""2023-06-15"", ""派息比例"": 0.3308, ""财年"": 2022}, {""除权除息日"": ""2024-06-19"", ""派息比例"": 0.49, ""财年"": 2023}, {""除权除息日"": ""2024-10-18"", ""派息比例"": 0.12, ""财年"": 2024}, {""除权除息日"": ""2025-05-23"", ""派息比例"": 0.69, ""财年"": 2024}, {""除权除息日"": ""2025-09-24"", ""派息比例"": 0.15, ""财年"": 2025}, {""除权除息日"": ""2026-06-08"", ""派息比例"": 0.7, ""财年"": 2025}]"
2409,雅克科技,深市主板,红利增长,61.9,0.63,2,1.02,57.03,0.58,2,1.02,62.09,0.36,1,0.58,60.34,0.87,89.75,-,-,74.55,0.63,0.85,58.71,-,-,54.16,0.32,0.59,84.94,51.5,37.23,16.8,"[{""除权除息日"": ""2022-05-27"", ""派息比例"": 0.21, ""财年"": 2021}, {""除权除息日"": ""2023-05-31"", ""派息比例"": 0.32, ""财年"": 2022}, {""除权除息日"": ""2024-05-31"", ""派息比例"": 0.36, ""财年"": 2023}, {""除权除息日"": ""2024-09-27"", ""派息比例"": 0.32, ""财年"": 2024}, {""除权除息日"": ""2025-05-30"", ""派息比例"": 0.26, ""财年"": 2024}, {""除权除息日"": ""2025-09-25"", ""派息比例"": 0.32, ""财年"": 2025}, {""除权除息日"": ""2026-06-01"", ""派息比例"": 0.31, ""财年"": 2025}]"
600284,浦东建设,沪市主板,红利增长,7.26,0.15,2,2.07,5.9,0.27,2,4.52,6.73,0.21,1,3.2,6.63,3.26,7.93,-,-,8.16,0.07,0.86,7.88,0.08,1.02,6.71,-,-,10.3,5.67,41.89,21.89,"[{""除权除息日"": ""2022-05-26"", ""派息比例"": 0.195, ""财年"": 2021}, {""除权除息日"": ""2023-05-25"", ""派息比例"": 0.21, ""财年"": 2022}, {""除权除息日"": ""2024-05-23"", ""派息比例"": 0.215, ""财年"": 2023}, {""除权除息日"": ""2024-12-19"", ""派息比例"": 0.167, ""财年"": 2024}, {""除权除息日"": ""2025-05-23"", ""派息比例"": 0.1, ""财年"": 2024}, {""除权除息日"": ""2025-11-27"", ""派息比例"": 0.08, ""财年"": 2025}, {""除权除息日"": ""2026-05-22"", ""派息比例"": 0.07, ""财年"": 2025}]"
600323,瀚蓝环境,沪市主板,红利增长,25.52,0.25,1,0.98,19.74,0.8,1,4.05,18.3,0.48,1,2.62,21.18,2.55,29.05,-,-,29.13,0.25,0.86,26.32,-,-,24.18,0.25,1.03,30.8,20.32,20.7,20.37,"[{""除权除息日"": ""2021-07-08"", ""派息比例"": 0.22, ""财年"": 2020}, {""除权除息日"": ""2022-07-14"", ""派息比例"": 0.22, ""财年"": 2021}, {""除权除息日"": ""2023-07-12"", ""派息比例"": 0.22, ""财年"": 2022}, {""除权除息日"": ""2024-07-24"", ""派息比例"": 0.48, ""财年"": 2023}, {""除权除息日"": ""2025-07-04"", ""派息比例"": 0.8, ""财年"": 2024}, {""除权除息日"": ""2025-10-31"", ""派息比例"": 0.25, ""财年"": 2025}]"
600362,江西铜业,沪市主板,红利增长,27.51,0.4,1,1.45,22.02,0.7,1,3.18,19.02,0.6,1,3.15,22.85,2.6,54.95,-,-,40.61,0.4,0.99,26.02,-,-,21.74,0.4,1.84,54.92,19.8,99.64,28.02,"[{""除权除息日"": ""2021-07-20"", ""派息比例"": 0.1, ""财年"": 2020}, {""除权除息日"": ""2022-07-25"", ""派息比例"": 0.5, ""财年"": 2021}, {""除权除息日"": ""2023-07-21"", ""派息比例"": 0.5, ""财年"": 2022}, {""除权除息日"": ""2024-07-24"", ""派息比例"": 0.6, ""财年"": 2023}, {""除权除息日"": ""2025-07-22"", ""派息比例"": 0.7, ""财年"": 2024}, {""除权除息日"": ""2025-11-28"", ""派息比例"": 0.4, ""财年"": 2025}]"
600406,国电南瑞,沪市主板,红利增长,22.76,0.15,1,0.65,24.29,0.57,2,2.35,24.51,0.54,1,2.2,23.85,1.73,26.51,-,-,23.26,0.15,0.63,22.1,-,-,22.67,0.15,0.65,25.35,21.3,11.39,6.41,"[{""除权除息日"": ""2021-06-23"", ""派息比例"": 0.42, ""财年"": 2020}, {""除权除息日"": ""2022-06-22"", ""派息比例"": 0.41, ""财年"": 2021}, {""除权除息日"": ""2023-06-21"", ""派息比例"": 0.39, ""财年"": 2022}, {""除权除息日"": ""2024-06-14"", ""派息比例"": 0.54, ""财年"": 2023}, {""除权除息日"": ""2024-10-25"", ""派息比例"": 0.135, ""财年"": 2024}, {""除权除息日"": ""2025-06-27"", ""派息比例"": 0.435, ""财年"": 2024}, {""除权除息日"": ""2025-09-30"", ""派息比例"": 0.147, ""财年"": 2025}]"
600436,片仔癀,沪市主板,红利增长,197.19,1.4,1,0.71,223.32,2.97,2,1.33,280.1,2.32,1,0.83,233.54,0.96,162.37,-,-,177.47,1.4,0.79,202.02,-,-,204.33,1.4,0.69,214.25,167.53,8.65,15.04,"[{""除权除息日"": ""2021-06-25"", ""派息比例"": 0.9, ""财年"": 2020}, {""除权除息日"": ""2022-07-15"", ""派息比例"": 1.21, ""财年"": 2021}, {""除权除息日"": ""2023-07-12"", ""派息比例"": 1.25, ""财年"": 2022}, {""除权除息日"": ""2024-06-07"", ""派息比例"": 2.32, ""财年"": 2023}, {""除权除息日"": ""2024-10-22"", ""派息比例"": 1.15, ""财年"": 2024}, {""除权除息日"": ""2025-07-31"", ""派息比例"": 1.82, ""财年"": 2024}, {""除权除息日"": ""2025-09-30"", ""派息比例"": 1.4, ""财年"": 2025}]"
600549,厦门钨业,沪市主板,红利增长,25.23,0.58,2,2.31,18.4,0.42,1,2.28,19.05,0.4,1,2.1,20.89,2.23,59.21,-,-,35.37,0.58,1.65,25.83,-,-,19.63,0.18,0.94,42.99,17.82,70.37,29.38,"[{""除权除息日"": ""2022-05-31"", ""派息比例"": 0.26, ""财年"": 2021}, {""除权除息日"": ""2023-06-29"", ""派息比例"": 0.35, ""财年"": 2022}, {""除权除息日"": ""2024-06-07"", ""派息比例"": 0.4, ""财年"": 2023}, {""除权除息日"": ""2025-06-27"", ""派息比例"": 0.42, ""财年"": 2024}, {""除权除息日"": ""2025-09-26"", ""派息比例"": 0.184, ""财年"": 2025}, {""除权除息日"": ""2026-06-11"", ""派息比例"": 0.4, ""财年"": 2025}]"
600562,国睿科技,沪市主板,红利增长,25.62,0.1,1,0.38,14.67,0.16,1,1.07,15.69,0.14,1,0.92,18.66,0.79,28.94,-,-,28.03,-,-,29.54,0.1,0.33,24.56,-,-,35.02,17.54,36.69,31.54,"[{""除权除息日"": ""2021-07-12"", ""派息比例"": 0.113, ""财年"": 2020}, {""除权除息日"": ""2022-07-13"", ""派息比例"": 0.128, ""财年"": 2021}, {""除权除息日"": ""2023-07-13"", ""派息比例"": 0.133, ""财年"": 2022}, {""除权除息日"": ""2024-07-11"", ""派息比例"": 0.145, ""财年"": 2023}, {""除权除息日"": ""2025-07-04"", ""派息比例"": 0.157, ""财年"": 2024}, {""除权除息日"": ""2025-12-19"", ""派息比例"": 0.097, ""财年"": 2025}]"
600582,天地科技,沪市主板,红利增长,6.09,0.3,1,4.92,6.35,0.32,1,4.99,5.39,0.28,1,5.2,5.94,5.04,5.99,-,-,5.99,0.3,5.01,6.16,-,-,6.12,-,-,6.69,5.68,9.82,6.76,"[{""除权除息日"": ""2021-07-23"", ""派息比例"": 0.15, ""财年"": 2020}, {""除权除息日"": ""2022-06-28"", ""派息比例"": 0.18, ""财年"": 2021}, {""除权除息日"": ""2023-06-09"", ""派息比例"": 0.2, ""财年"": 2022}, {""除权除息日"": ""2024-05-17"", ""派息比例"": 0.28, ""财年"": 2023}, {""除权除息日"": ""2025-05-30"", ""派息比例"": 0.317, ""财年"": 2024}, {""除权除息日"": ""2026-06-12"", ""派息比例"": 0.3, ""财年"": 2025}]"
600690,海尔智家,沪市主板,红利增长,26.17,0.27,1,1.03,27.05,0.97,1,3.57,23.42,0.8,1,3.42,25.54,2.67,25.2,-,-,26.61,0.27,1.01,25.78,-,-,25.17,0.27,1.07,29.47,23.58,12.63,9.88,"[{""除权除息日"": ""2021-08-23"", ""派息比例"": 0.366, ""财年"": 2020}, {""除权除息日"": ""2022-08-23"", ""派息比例"": 0.4614, ""财年"": 2021}, {""除权除息日"": ""2023-08-25"", ""派息比例"": 0.5669, ""财年"": 2022}, {""除权除息日"": ""2024-08-16"", ""派息比例"": 0.8013, ""财年"": 2023}, {""除权除息日"": ""2025-07-25"", ""派息比例"": 0.965, ""财年"": 2024}, {""除权除息日"": ""2025-11-07"", ""派息比例"": 0.2692, ""财年"": 2025}]"
600761,安徽合力,沪市主板,红利增长,18.94,0.6,2,3.17,19.88,0.6,1,3.02,18.35,0.6,1,3.27,19.06,3.15,21.15,-,-,20.4,0.6,2.94,19.47,-,-,16.67,0.1,0.6,23.46,15.11,23.85,20.23,"[{""除权除息日"": ""2021-06-18"", ""派息比例"": 0.35, ""财年"": 2020}, {""除权除息日"": ""2022-06-16"", ""派息比例"": 0.35, ""财年"": 2021}, {""除权除息日"": ""2023-06-16"", ""派息比例"": 0.4, ""财年"": 2022}, {""除权除息日"": ""2024-06-07"", ""派息比例"": 0.6, ""财年"": 2023}, {""除权除息日"": ""2025-05-28"", ""派息比例"": 0.6, ""财年"": 2024}, {""除权除息日"": ""2025-10-28"", ""派息比例"": 0.1, ""财年"": 2025}, {""除权除息日"": ""2026-06-02"", ""派息比例"": 0.5, ""财年"": 2025}]"
601008,连云港,沪市主板,红利增长,5.45,0.06,1,1.1,3.73,0.06,1,1.61,4.49,0.05,1,1.11,4.56,1.27,5.25,-,-,5.51,0.06,1.09,6.06,-,-,6.35,-,-,8.2,3.59,50.41,34.15,"[{""除权除息日"": ""2022-05-13"", ""派息比例"": 0.03, ""财年"": 2021}, {""除权除息日"": ""2023-05-12"", ""派息比例"": 0.05, ""财年"": 2022}, {""除权除息日"": ""2024-05-10"", ""派息比例"": 0.05, ""财年"": 2023}, {""除权除息日"": ""2025-05-09"", ""派息比例"": 0.06, ""财年"": 2024}, {""除权除息日"": ""2026-05-11"", ""派息比例"": 0.06, ""财年"": 2025}]"
601899,紫金矿业,沪市主板,红利增长,21.83,0.22,1,1.01,15.99,0.38,2,2.38,12.06,0.25,2,2.07,16.63,1.82,37.12,-,-,30.44,0.22,0.72,22.05,-,-,17.97,0.22,1.22,34.47,15.18,57.87,30.48,"[{""除权除息日"": ""2021-07-09"", ""派息比例"": 0.12, ""财年"": 2020}, {""除权除息日"": ""2022-06-10"", ""派息比例"": 0.2, ""财年"": 2021}, {""除权除息日"": ""2023-06-15"", ""派息比例"": 0.2, ""财年"": 2022}, {""除权除息日"": ""2023-12-25"", ""派息比例"": 0.05, ""财年"": 2023}, {""除权除息日"": ""2024-06-11"", ""派息比例"": 0.2, ""财年"": 2023}, {""除权除息日"": ""2024-08-09"", ""派息比例"": 0.1, ""财年"": 2024}, {""除权除息日"": ""2025-06-13"", ""派息比例"": 0.28, ""财年"": 2024}, {""除权除息日"": ""2025-09-30"", ""派息比例"": 0.22, ""财年"": 2025}]"
513,丽珠集团,深市主板,红利质量,36.98,1.43,1,3.87,37.45,1.1,1,2.94,35.64,1.35,1,3.79,36.69,3.53,35.14,-,-,36.22,1.43,3.95,40.11,-,-,35.67,-,-,43.9,33.8,18.71,8.6,"[{""除权除息日"": ""2022-05-31"", ""派息比例"": 1.3, ""财年"": 2021}, {""除权除息日"": ""2023-07-04"", ""派息比例"": 1.6, ""财年"": 2022}, {""除权除息日"": ""2024-07-08"", ""派息比例"": 1.35, ""财年"": 2023}, {""除权除息日"": ""2025-06-13"", ""派息比例"": 1.1, ""财年"": 2024}, {""除权除息日"": ""2026-06-16"", ""派息比例"": 1.43, ""财年"": 2025}]"
2056,横店东磁,深市主板,红利质量,16.12,0.38,1,2.36,13.39,0.45,1,3.38,17.73,0.39,1,2.19,15.74,2.64,21.15,-,-,20.2,0.38,1.88,16.91,-,-,13.51,0.38,2.81,22.54,12.42,39.87,22.93,"[{""除权除息日"": ""2022-05-20"", ""派息比例"": 0.2416, ""财年"": 2021}, {""除权除息日"": ""2023-05-19"", ""派息比例"": 0.362, ""财年"": 2022}, {""除权除息日"": ""2024-05-16"", ""派息比例"": 0.3884, ""财年"": 2023}, {""除权除息日"": ""2025-05-30"", ""派息比例"": 0.4522, ""财年"": 2024}, {""除权除息日"": ""2025-09-30"", ""派息比例"": 0.38, ""财年"": 2025}]"
2415,海康威视,深市主板,红利质量,29.88,1.15,2,3.85,30.9,0.7,1,2.27,36.03,0.9,1,2.5,32.27,2.87,31.4,-,-,31.11,1.15,3.7,29.47,-,-,28.34,0.4,1.41,34.17,27.26,14.34,8.78,"[{""除权除息日"": ""2022-05-26"", ""派息比例"": 0.9, ""财年"": 2021}, {""除权除息日"": ""2023-05-19"", ""派息比例"": 0.7, ""财年"": 2022}, {""除权除息日"": ""2024-05-21"", ""派息比例"": 0.9, ""财年"": 2023}, {""除权除息日"": ""2025-05-20"", ""派息比例"": 0.7, ""财年"": 2024}, {""除权除息日"": ""2025-10-10"", ""派息比例"": 0.4, ""财年"": 2025}, {""除权除息日"": ""2026-05-20"", ""派息比例"": 0.75, ""财年"": 2025}]"
600750,华润江中,沪市主板,红利质量,22.39,0.5,1,2.23,22.89,1.2,2,5.24,19.62,1.3,2,6.63,21.63,4.7,24.65,-,-,22.49,0.5,2.22,21.99,-,-,22.89,0.5,2.18,24.85,20.88,10.98,6.75,"[{""除权除息日"": ""2021-12-30"", ""派息比例"": 0.2202, ""财年"": 2021}, {""除权除息日"": ""2022-06-20"", ""派息比例"": 0.65, ""财年"": 2021}, {""除权除息日"": ""2022-12-01"", ""派息比例"": 0.5, ""财年"": 2022}, {""除权除息日"": ""2023-05-19"", ""派息比例"": 0.65, ""财年"": 2022}, {""除权除息日"": ""2023-11-27"", ""派息比例"": 0.6, ""财年"": 2023}, {""除权除息日"": ""2024-06-13"", ""派息比例"": 0.7, ""财年"": 2023}, {""除权除息日"": ""2024-10-10"", ""派息比例"": 0.5, ""财年"": 2024}, {""除权除息日"": ""2025-06-20"", ""派息比例"": 0.7, ""财年"": 2024}, {""除权除息日"": ""2025-10-13"", ""派息比例"": 0.5, ""财年"": 2025}]"
601336,新华保险,沪市主板,红利质量,58.11,0.67,1,1.15,36.03,2.53,2,7.02,35.37,0.85,1,2.4,43.17,3.53,76.04,-,-,67.78,0.67,0.99,63.24,-,-,51.72,0.67,1.3,72.71,44.85,25.13,22.81,"[{""除权除息日"": ""2021-08-06"", ""派息比例"": 1.39, ""财年"": 2020}, {""除权除息日"": ""2022-08-10"", ""派息比例"": 1.44, ""财年"": 2021}, {""除权除息日"": ""2023-08-10"", ""派息比例"": 1.08, ""财年"": 2022}, {""除权除息日"": ""2024-08-09"", ""派息比例"": 0.85, ""财年"": 2023}, {""除权除息日"": ""2024-11-29"", ""派息比例"": 0.54, ""财年"": 2024}, {""除权除息日"": ""2025-08-08"", ""派息比例"": 1.99, ""财年"": 2024}, {""除权除息日"": ""2025-12-12"", ""派息比例"": 0.67, ""财年"": 2025}]"
603444,吉比特,沪市主板,红利质量,339.06,19.6,3,5.78,197.81,10.0,3,5.06,396.48,7.0,1,1.77,311.12,4.2,421.48,-,-,454.63,13.6,2.99,420.67,6.0,1.43,245.93,6.6,2.68,662.01,202.0,95.25,40.42,"[{""除权除息日"": ""2022-05-20"", ""派息比例"": 16.0, ""财年"": 2021}, {""除权除息日"": ""2022-12-29"", ""派息比例"": 14.0, ""财年"": 2022}, {""除权除息日"": ""2023-05-12"", ""派息比例"": 3.0, ""财年"": 2022}, {""除权除息日"": ""2023-09-27"", ""派息比例"": 7.0, ""财年"": 2023}, {""除权除息日"": ""2024-09-13"", ""派息比例"": 4.5, ""财年"": 2024}, {""除权除息日"": ""2024-11-25"", ""派息比例"": 2.0, ""财年"": 2024}, {""除权除息日"": ""2025-05-26"", ""派息比例"": 3.5, ""财年"": 2024}, {""除权除息日"": ""2025-09-19"", ""派息比例"": 6.6, ""财年"": 2025}, {""除权除息日"": ""2025-11-28"", ""派息比例"": 6.0, ""财年"": 2025}, {""除权除息日"": ""2026-05-21"", ""派息比例"": 7.0, ""财年"": 2025}]"
600064,南京高科,沪市主板,中证红利,7.79,0.32,1,4.11,6.52,0.3,1,4.6,6.58,0.28,1,4.26,6.96,4.32,8.75,-,-,8.56,0.32,3.74,7.87,-,-,7.42,-,-,9.22,6.65,18.37,14.62,"[{""除权除息日"": ""2021-06-28"", ""派息比例"": 0.5, ""财年"": 2020}, {""除权除息日"": ""2022-07-15"", ""派息比例"": 0.6, ""财年"": 2021}, {""除权除息日"": ""2023-07-20"", ""派息比例"": 0.42, ""财年"": 2022}, {""除权除息日"": ""2024-07-17"", ""派息比例"": 0.28, ""财年"": 2023}, {""除权除息日"": ""2025-07-23"", ""派息比例"": 0.3, ""财年"": 2024}]"
600256,广汇能源,沪市主板,中证红利,5.65,0.06,1,1.11,7.15,0.62,1,8.7,8.18,0.7,1,8.56,7.0,6.12,6.0,-,-,5.17,0.06,1.22,5.44,-,-,5.86,-,-,6.5,4.92,14.97,12.98,"[{""除权除息日"": ""2022-06-27"", ""派息比例"": 0.4, ""财年"": 2021}, {""除权除息日"": ""2023-06-29"", ""派息比例"": 0.8, ""财年"": 2022}, {""除权除息日"": ""2024-06-27"", ""派息比例"": 0.7, ""财年"": 2023}, {""除权除息日"": ""2025-07-18"", ""派息比例"": 0.622, ""财年"": 2024}]"
600295,鄂尔多斯,沪市主板,中证红利,9.86,0.7,1,7.1,10.1,0.6,1,5.94,12.19,0.8,1,6.56,10.72,6.53,15.51,-,-,11.17,0.7,6.27,9.88,-,-,9.02,-,-,12.5,8.49,26.78,13.89,"[{""除权除息日"": ""2022-06-13"", ""派息比例"": 2.0, ""财年"": 2021}, {""除权除息日"": ""2023-06-30"", ""派息比例"": 1.0, ""财年"": 2022}, {""除权除息日"": ""2024-06-26"", ""派息比例"": 0.8, ""财年"": 2023}, {""除权除息日"": ""2025-06-23"", ""派息比例"": 0.6, ""财年"": 2024}]"
600348,华阳股份,沪市主板,中证红利,7.13,0.24,1,3.32,8.8,0.31,1,3.51,10.95,0.72,1,6.56,8.96,4.46,9.35,-,-,7.97,0.24,2.97,7.15,-,-,6.66,-,-,8.92,6.2,25.06,13.07,"[{""除权除息日"": ""2021-07-09"", ""派息比例"": 0.25, ""财年"": 2020}, {""除权除息日"": ""2022-07-13"", ""派息比例"": 0.5, ""财年"": 2021}, {""除权除息日"": ""2023-06-16"", ""派息比例"": 0.877, ""财年"": 2022}, {""除权除息日"": ""2024-07-18"", ""派息比例"": 0.718, ""财年"": 2023}, {""除权除息日"": ""2025-07-15"", ""派息比例"": 0.309, ""财年"": 2024}]"
600350,山东高速,沪市主板,中证红利,9.92,0.42,1,4.23,8.76,0.42,1,4.8,6.59,0.42,1,6.37,8.42,5.13,9.98,-,-,9.32,0.42,4.51,9.66,-,-,10.81,-,-,11.44,8.53,15.31,14.02,"[{""除权除息日"": ""2021-08-10"", ""派息比例"": 0.38, ""财年"": 2020}, {""除权除息日"": ""2022-06-15"", ""派息比例"": 0.4, ""财年"": 2021}, {""除权除息日"": ""2023-06-15"", ""派息比例"": 0.4, ""财年"": 2022}, {""除权除息日"": ""2024-06-25"", ""派息比例"": 0.42, ""财年"": 2023}, {""除权除息日"": ""2025-08-05"", ""派息比例"": 0.42, ""财年"": 2024}]"
600461,洪城环境,沪市主板,中证红利,9.38,0.47,1,4.98,10.17,0.46,1,4.56,8.03,0.44,1,5.49,9.19,5.01,9.74,-,-,9.42,0.47,4.96,9.24,-,-,9.66,-,-,10.25,8.78,9.27,6.4,"[{""除权除息日"": ""2021-07-09"", ""派息比例"": 0.421, ""财年"": 2020}, {""除权除息日"": ""2022-07-07"", ""派息比例"": 0.5, ""财年"": 2021}, {""除权除息日"": ""2023-07-04"", ""派息比例"": 0.434, ""财年"": 2022}, {""除权除息日"": ""2024-07-04"", ""派息比例"": 0.4407, ""财年"": 2023}, {""除权除息日"": ""2025-07-04"", ""派息比例"": 0.464, ""财年"": 2024}]"
600546,山煤国际,沪市主板,中证红利,10.23,0.35,1,3.47,14.57,0.69,1,4.73,16.15,0.65,1,4.03,13.65,4.08,11.29,-,-,10.75,0.35,3.3,9.77,-,-,9.53,-,-,11.78,8.56,15.13,16.34,"[{""除权除息日"": ""2021-07-23"", ""派息比例"": 0.066, ""财年"": 2020}, {""除权除息日"": ""2022-06-02"", ""派息比例"": 1.567, ""财年"": 2021}, {""除权除息日"": ""2022-09-27"", ""派息比例"": 0.45, ""财年"": 2022}, {""除权除息日"": ""2023-05-05"", ""派息比例"": 1.8, ""财年"": 2022}, {""除权除息日"": ""2024-05-15"", ""派息比例"": 0.65, ""财年"": 2023}, {""除权除息日"": ""2025-06-04"", ""派息比例"": 0.69, ""财年"": 2024}]"
600737,中粮糖业,沪市主板,中证红利,12.28,0.34,1,2.77,9.43,0.61,2,6.47,8.08,0.87,2,10.77,9.93,6.67,16.13,-,-,16.67,0.34,2.04,13.26,-,-,9.41,-,-,19.39,9.2,57.93,25.07,"[{""除权除息日"": ""2021-06-28"", ""派息比例"": 0.08, ""财年"": 2020}, {""除权除息日"": ""2022-06-24"", ""派息比例"": 0.11, ""财年"": 2021}, {""除权除息日"": ""2023-07-12"", ""派息比例"": 0.26, ""财年"": 2022}, {""除权除息日"": ""2023-09-26"", ""派息比例"": 0.24, ""财年"": 2023}, {""除权除息日"": ""2024-07-30"", ""派息比例"": 0.63, ""财年"": 2023}, {""除权除息日"": ""2024-11-07"", ""派息比例"": 0.2, ""财年"": 2024}, {""除权除息日"": ""2025-08-13"", ""派息比例"": 0.41, ""财年"": 2024}]"
600741,华域汽车,沪市主板,中证红利,18.51,1.0,1,5.4,16.37,0.8,1,4.89,17.86,0.75,1,4.2,17.58,4.83,19.3,-,-,19.98,1.0,5.01,18.98,-,-,17.68,-,-,21.28,15.82,14.95,14.54,"[{""除权除息日"": ""2021-07-30"", ""派息比例"": 0.75, ""财年"": 2020}, {""除权除息日"": ""2022-07-15"", ""派息比例"": 0.85, ""财年"": 2021}, {""除权除息日"": ""2023-07-14"", ""派息比例"": 0.88, ""财年"": 2022}, {""除权除息日"": ""2024-07-12"", ""派息比例"": 0.75, ""财年"": 2023}, {""除权除息日"": ""2025-07-25"", ""派息比例"": 0.8, ""财年"": 2024}]"
600757,长江传媒,沪市主板,中证红利,9.06,0.41,1,4.53,8.14,0.41,1,5.04,7.79,0.4,1,5.13,8.33,4.9,9.05,-,-,8.87,0.41,4.62,9.27,-,-,9.4,-,-,9.98,8.2,10.18,9.47,"[{""除权除息日"": ""2022-07-07"", ""派息比例"": 0.37, ""财年"": 2021}, {""除权除息日"": ""2023-06-15"", ""派息比例"": 0.32, ""财年"": 2022}, {""除权除息日"": ""2024-06-20"", ""派息比例"": 0.4, ""财年"": 2023}, {""除权除息日"": ""2025-06-13"", ""派息比例"": 0.41, ""财年"": 2024}]"
601001,晋控煤业,沪市主板,中证红利,13.15,0.55,1,4.16,15.19,0.76,1,4.97,11.11,0.79,1,7.11,13.15,5.41,15.94,-,-,14.81,0.55,3.69,13.52,-,-,11.77,-,-,16.56,10.89,25.94,17.18,"[{""除权除息日"": ""2022-07-29"", ""派息比例"": 0.4, ""财年"": 2021}, {""除权除息日"": ""2023-07-14"", ""派息比例"": 0.63, ""财年"": 2022}, {""除权除息日"": ""2024-06-27"", ""派息比例"": 0.79, ""财年"": 2023}, {""除权除息日"": ""2025-07-31"", ""派息比例"": 0.755, ""财年"": 2024}]"
601169,北京银行,沪市主板,中证红利,6.08,0.28,1,4.57,5.52,0.32,2,5.8,4.53,0.44,2,9.71,5.37,6.7,5.4,-,-,5.65,0.28,4.92,6.35,-,-,6.34,-,-,7.25,5.46,19.31,10.15,"[{""除权除息日"": ""2021-07-16"", ""派息比例"": 0.3, ""财年"": 2020}, {""除权除息日"": ""2022-07-15"", ""派息比例"": 0.305, ""财年"": 2021}, {""除权除息日"": ""2023-07-06"", ""派息比例"": 0.31, ""财年"": 2022}, {""除权除息日"": ""2024-07-10"", ""派息比例"": 0.32, ""财年"": 2023}, {""除权除息日"": ""2025-01-20"", ""派息比例"": 0.12, ""财年"": 2024}, {""除权除息日"": ""2025-07-10"", ""派息比例"": 0.2, ""财年"": 2024}]"
601216,君正集团,沪市主板,中证红利,5.36,0.38,1,7.09,4.12,0.15,1,3.64,4.22,0.32,1,7.59,4.57,6.1,5.77,-,-,5.03,0.38,7.55,5.44,-,-,5.38,-,-,6.42,4.67,19.75,12.89,"[{""除权除息日"": ""2021-06-11"", ""派息比例"": 0.3, ""财年"": 2020}, {""除权除息日"": ""2022-06-07"", ""派息比例"": 0.162, ""财年"": 2021}, {""除权除息日"": ""2023-06-02"", ""派息比例"": 0.18, ""财年"": 2022}, {""除权除息日"": ""2024-06-06"", ""派息比例"": 0.32, ""财年"": 2023}, {""除权除息日"": ""2025-06-06"", ""派息比例"": 0.15, ""财年"": 2024}]"
601666,平煤股份,沪市主板,中证红利,8.31,0.06,1,0.72,11.32,0.6,1,5.3,9.88,0.99,1,10.02,9.84,5.35,8.53,-,-,8.22,0.06,0.73,7.99,-,-,8.17,-,-,9.64,7.29,16.0,12.28,"[{""除权除息日"": ""2022-05-31"", ""派息比例"": 0.76, ""财年"": 2021}, {""除权除息日"": ""2023-05-30"", ""派息比例"": 0.87, ""财年"": 2022}, {""除权除息日"": ""2024-05-24"", ""派息比例"": 0.99, ""财年"": 2023}, {""除权除息日"": ""2025-06-09"", ""派息比例"": 0.6, ""财年"": 2024}]"
601668,中国建筑,沪市主板,中证红利,5.55,0.27,1,4.9,5.51,0.27,1,4.92,5.67,0.27,1,4.79,5.58,4.87,5.06,-,-,5.37,0.27,5.06,5.69,-,-,5.6,-,-,6.13,5.08,10.49,8.44,"[{""除权除息日"": ""2021-06-30"", ""派息比例"": 0.2147, ""财年"": 2020}, {""除权除息日"": ""2022-06-30"", ""派息比例"": 0.25, ""财年"": 2021}, {""除权除息日"": ""2023-06-30"", ""派息比例"": 0.2527, ""财年"": 2022}, {""除权除息日"": ""2024-06-27"", ""派息比例"": 0.2715, ""财年"": 2023}, {""除权除息日"": ""2025-07-17"", ""派息比例"": 0.2715, ""财年"": 2024}]"
601699,潞安环能,沪市主板,中证红利,12.72,0.19,1,1.47,18.85,0.41,1,2.18,19.21,1.59,1,8.27,16.92,3.97,13.78,-,-,13.88,0.19,1.35,13.12,-,-,11.12,-,-,16.46,10.39,29.45,18.29,"[{""除权除息日"": ""2021-06-29"", ""派息比例"": 0.194, ""财年"": 2020}, {""除权除息日"": ""2022-06-24"", ""派息比例"": 0.673, ""财年"": 2021}, {""除权除息日"": ""2023-06-08"", ""派息比例"": 2.85, ""财年"": 2022}, {""除权除息日"": ""2024-06-19"", ""派息比例"": 1.589, ""财年"": 2023}, {""除权除息日"": ""2025-06-25"", ""派息比例"": 0.41, ""财年"": 2024}]"
600210,紫江企业,沪市主板,中证红利质量,6.88,0.35,1,5.09,5.57,0.3,1,5.39,5.27,0.25,1,4.74,5.91,5.07,7.47,-,-,7.47,0.35,4.69,6.87,-,-,6.51,-,-,8.0,6.15,16.3,10.59,"[{""除权除息日"": ""2021-07-22"", ""派息比例"": 0.25, ""财年"": 2020}, {""除权除息日"": ""2022-08-18"", ""派息比例"": 0.25, ""财年"": 2021}, {""除权除息日"": ""2023-07-26"", ""派息比例"": 0.25, ""财年"": 2022}, {""除权除息日"": ""2024-07-03"", ""派息比例"": 0.25, ""财年"": 2023}, {""除权除息日"": ""2025-07-18"", ""派息比例"": 0.3, ""财年"": 2024}]"
600873,梅花生物,沪市主板,中证红利质量,10.55,0.43,1,4.05,10.28,0.6,2,5.85,9.46,0.42,1,4.44,10.1,4.78,11.16,-,-,10.58,0.43,4.05,10.98,-,-,10.8,-,-,11.65,9.14,10.39,13.39,"[{""除权除息日"": ""2021-07-26"", ""派息比例"": 0.3, ""财年"": 2020}, {""除权除息日"": ""2022-07-26"", ""派息比例"": 0.4, ""财年"": 2021}, {""除权除息日"": ""2023-05-10"", ""派息比例"": 0.4, ""财年"": 2022}, {""除权除息日"": ""2024-06-06"", ""派息比例"": 0.42, ""财年"": 2023}, {""除权除息日"": ""2024-11-22"", ""派息比例"": 0.176, ""财年"": 2024}, {""除权除息日"": ""2025-05-23"", ""派息比例"": 0.426, ""财年"": 2024}]"
601601,中国太保,沪市主板,中证红利质量,35.12,1.15,1,3.27,29.14,1.08,1,3.71,27.52,1.02,1,3.71,30.59,3.56,42.22,-,-,37.29,1.15,3.08,37.7,-,-,33.24,-,-,42.64,29.09,21.4,17.18,"[{""除权除息日"": ""2021-06-30"", ""派息比例"": 1.2, ""财年"": 2020}, {""除权除息日"": ""2021-06-30"", ""派息比例"": 0.1, ""财年"": 2020}, {""除权除息日"": ""2022-07-11"", ""派息比例"": 1.0, ""财年"": 2021}, {""除权除息日"": ""2023-06-29"", ""派息比例"": 1.02, ""财年"": 2022}, {""除权除息日"": ""2024-07-12"", ""派息比例"": 1.02, ""财年"": 2023}, {""除权除息日"": ""2025-07-18"", ""派息比例"": 1.08, ""财年"": 2024}]"
601958,金钼股份,沪市主板,中证红利质量,12.3,0.4,1,3.25,10.6,0.4,1,3.77,11.22,0.4,1,3.57,11.37,3.53,20.5,-,-,14.63,0.4,2.73,13.59,-,-,10.31,-,-,17.47,9.33,42.01,24.16,"[{""除权除息日"": ""2021-06-25"", ""派息比例"": 0.25, ""财年"": 2020}, {""除权除息日"": ""2022-06-24"", ""派息比例"": 0.1, ""财年"": 2021}, {""除权除息日"": ""2023-07-07"", ""派息比例"": 0.3, ""财年"": 2022}, {""除权除息日"": ""2024-07-02"", ""派息比例"": 0.4, ""财年"": 2023}, {""除权除息日"": ""2025-08-08"", ""派息比例"": 0.4, ""财年"": 2024}]"
404,长虹华意,深市主板,红利增长,7.16,0.33,1,4.61,6.47,0.3,1,4.64,6.22,0.25,1,4.02,6.62,4.42,7.06,-,-,6.99,0.33,4.72,7.31,-,-,6.99,-,-,7.98,6.14,11.43,14.26,"[{""除权除息日"": ""2021-06-18"", ""派息比例"": 0.1, ""财年"": 2020}, {""除权除息日"": ""2022-06-16"", ""派息比例"": 0.15, ""财年"": 2021}, {""除权除息日"": ""2023-06-16"", ""派息比例"": 0.2, ""财年"": 2022}, {""除权除息日"": ""2024-06-26"", ""派息比例"": 0.25, ""财年"": 2023}, {""除权除息日"": ""2025-07-10"", ""派息比例"": 0.3, ""财年"": 2024}]"
2028,思源电气,深市主板,红利增长,93.08,0.7,1,0.75,66.35,0.5,1,0.75,47.2,0.4,1,0.85,68.88,0.78,199.39,-,-,139.28,0.7,0.5,85.46,-,-,73.05,-,-,161.0,69.31,72.97,25.54,"[{""除权除息日"": ""2021-06-23"", ""派息比例"": 0.2, ""财年"": 2020}, {""除权除息日"": ""2022-06-21"", ""派息比例"": 0.2, ""财年"": 2021}, {""除权除息日"": ""2023-06-26"", ""派息比例"": 0.3, ""财年"": 2022}, {""除权除息日"": ""2024-06-24"", ""派息比例"": 0.3999, ""财年"": 2023}, {""除权除息日"": ""2025-07-04"", ""派息比例"": 0.4998, ""财年"": 2024}]"
2046,国机精工,深市主板,红利增长,22.55,0.2,1,0.87,10.89,0.21,1,1.93,11.7,0.2,1,1.71,15.05,1.5,47.06,-,-,32.27,0.2,0.61,26.62,-,-,15.6,-,-,44.91,12.09,99.19,46.38,"[{""除权除息日"": ""2021-06-30"", ""派息比例"": 0.045, ""财年"": 2020}, {""除权除息日"": ""2022-06-30"", ""派息比例"": 0.1011, ""财年"": 2021}, {""除权除息日"": ""2023-06-13"", ""派息比例"": 0.177, ""财年"": 2022}, {""除权除息日"": ""2024-06-13"", ""派息比例"": 0.2, ""财年"": 2023}, {""除权除息日"": ""2025-06-13"", ""派息比例"": 0.21, ""财年"": 2024}]"
2096,易普力,深市主板,红利增长,12.69,0.26,1,2.02,11.79,0.23,1,1.95,11.65,0.2,1,1.76,12.04,1.91,13.65,-,-,13.46,0.26,1.9,13.78,-,-,12.07,-,-,17.06,10.13,34.47,20.15,"[{""除权除息日"": ""2021-07-14"", ""派息比例"": 0.02, ""财年"": 2020}, {""除权除息日"": ""2022-07-13"", ""派息比例"": 0.03, ""财年"": 2021}, {""除权除息日"": ""2023-06-30"", ""派息比例"": 0.03, ""财年"": 2022}, {""除权除息日"": ""2024-05-17"", ""派息比例"": 0.205, ""财年"": 2023}, {""除权除息日"": ""2025-07-28"", ""派息比例"": 0.23, ""财年"": 2024}]"
2371,北方华创,深市主板,红利增长,410.64,0.76,1,0.19,325.18,1.06,1,0.33,266.71,0.78,1,0.29,334.18,0.27,477.52,-,-,429.73,0.76,0.18,362.81,-,-,436.83,-,-,481.42,318.6,17.24,22.41,"[{""除权除息日"": ""2021-07-09"", ""派息比例"": 0.109, ""财年"": 2020}, {""除权除息日"": ""2022-07-13"", ""派息比例"": 0.205, ""财年"": 2021}, {""除权除息日"": ""2023-07-13"", ""派息比例"": 0.445, ""财年"": 2022}, {""除权除息日"": ""2024-07-04"", ""派息比例"": 0.78, ""财年"": 2023}, {""除权除息日"": ""2025-07-03"", ""派息比例"": 1.06, ""财年"": 2024}]"
600377,宁沪高速,沪市主板,红利增长,14.33,0.49,1,3.42,12.65,0.49,1,3.87,9.41,0.47,1,4.99,12.13,4.09,12.04,-,-,13.0,0.49,3.77,14.03,-,-,15.67,-,-,16.36,12.0,14.16,16.26,"[{""除权除息日"": ""2021-07-15"", ""派息比例"": 0.46, ""财年"": 2020}, {""除权除息日"": ""2022-08-05"", ""派息比例"": 0.46, ""财年"": 2021}, {""除权除息日"": ""2023-07-26"", ""派息比例"": 0.46, ""财年"": 2022}, {""除权除息日"": ""2024-07-26"", ""派息比例"": 0.47, ""财年"": 2023}, {""除权除息日"": ""2025-07-30"", ""派息比例"": 0.49, ""财年"": 2024}]"
600123,兰花科创,沪市主板,中证红利,6.95,0.0,0,0.0,9.55,0.15,1,1.57,10.97,0.75,1,6.84,10.26,4.2,6.45,-,-,6.52,-,-,6.71,-,-,6.82,-,-,8.26,5.86,18.87,15.67,"[{""除权除息日"": ""2021-06-25"", ""派息比例"": 0.1, ""财年"": 2020}, {""除权除息日"": ""2022-06-30"", ""派息比例"": 0.75, ""财年"": 2021}, {""除权除息日"": ""2023-06-19"", ""派息比例"": 1.0, ""财年"": 2022}, {""除权除息日"": ""2024-02-08"", ""派息比例"": 0.75, ""财年"": 2023}, {""除权除息日"": ""2025-07-14"", ""派息比例"": 0.15, ""财年"": 2024}]"
600600,青岛啤酒,沪市主板,红利增长,69.86,2.35,1,3.36,73.21,2.2,1,3.0,97.12,2.0,1,2.06,80.06,2.81,62.24,-,-,64.58,2.35,3.64,68.22,-,-,74.75,-,-,81.67,61.2,16.91,12.39,"[{""除权除息日"": ""2021-08-10"", ""派息比例"": 0.75, ""财年"": 2020}, {""除权除息日"": ""2022-07-19"", ""派息比例"": 1.1, ""财年"": 2021}, {""除权除息日"": ""2023-07-14"", ""派息比例"": 1.3, ""财年"": 2022}, {""除权除息日"": ""2023-07-14"", ""派息比例"": 0.5, ""财年"": 2022}, {""除权除息日"": ""2024-07-16"", ""派息比例"": 2.0, ""财年"": 2023}, {""除权除息日"": ""2025-06-27"", ""派息比例"": 2.2, ""财年"": 2024}]"
600993,马应龙,沪市主板,红利增长,27.12,0.7,1,2.58,25.52,0.62,1,2.43,25.26,0.4,1,1.58,25.97,2.2,27.03,-,-,28.41,0.7,2.46,27.7,-,-,27.57,-,-,31.0,23.55,14.29,13.17,"[{""除权除息日"": ""2021-07-15"", ""派息比例"": 0.3, ""财年"": 2020}, {""除权除息日"": ""2022-07-28"", ""派息比例"": 0.35, ""财年"": 2021}, {""除权除息日"": ""2023-07-28"", ""派息比例"": 0.35, ""财年"": 2022}, {""除权除息日"": ""2024-07-26"", ""派息比例"": 0.4, ""财年"": 2023}, {""除权除息日"": ""2025-08-08"", ""派息比例"": 0.62, ""财年"": 2024}]"
601900,南方传媒,沪市主板,红利质量,14.84,0.56,1,3.77,13.5,0.55,1,4.07,15.41,0.54,1,3.51,14.58,3.78,14.44,-,-,13.85,0.56,4.04,14.26,-,-,16.17,-,-,17.61,12.62,18.66,14.96,"[{""除权除息日"": ""2021-07-01"", ""派息比例"": 0.31, ""财年"": 2020}, {""除权除息日"": ""2022-08-23"", ""派息比例"": 0.33, ""财年"": 2021}, {""除权除息日"": ""2023-07-27"", ""派息比例"": 0.47, ""财年"": 2022}, {""除权除息日"": ""2024-07-01"", ""派息比例"": 0.54, ""财年"": 2023}, {""除权除息日"": ""2025-07-28"", ""派息比例"": 0.55, ""财年"": 2024}]"
